Log Number ,Date of Collection,Camp Location,"Name  (None, Found in Debris-FID, Self Packed )",Description,Bike Count,Disposed after ,Target Disposal Date,Disposed (Yes/No = Delivered),
1671,1/21/2022,Thornton Creek & NE 125th St,found in debris,Black hard plastic suitcase with misc clothes and toys,,70 Days,4/1/2022,Yes,
1656,1/26/2022,Commodore Park,T1-JL-0126,"1 pair brown boots, blue sleeping bag, misc tools, red suitcase w/books, black gloves + misc iteams, green tents w/poles",,70 Days,4/7/2022,Yes,
1657,1/26/2022,Commodore Park,T2-JL-0126,"green tent w/poles, blue + green blanket, black pants, 2 grey t-shirts, black plastic bag w/misc clothes, black backpack",,70 Days,4/7/2022,Yes,
1665,2/15/2022,4th & Yesler,T1-KQR-0215,"Green foot locker, Green sleeping bag, Green rain jacket, Multi purple tools, Tablet (Sk1 device), Husky flashlight",,70 Days,4/26/2022,Yes,
1658,2/28/2022,2nd Ave & Lenora St,T2-JL-0228,Blue tent with poles,,70 Days,5/9/2022,Yes,
1659,2/28/2022,2nd Ave & Clay St,T6-JL-0228,"Black jacket, Gray sweatpants, Red black sweater, Black bag with misc clothes, Red blanket in black bag",,70 Days,5/9/2022,Yes,
1664,2/28/2022,Elliot & Vine,T1-KQR-0228,"Black jacket with green trim, Purple husky jersey, Hooded grey, white, black comoflague sweat jacket, Blood Pressure moniter, Purple pillo with green and gold patterns, Silver and grey pillow, Mazda Vehicle handbook",,70 Days,5/9/2022,Yes,
1660,3/1/2022,4th Ave & Yesler,T1-JL-0301,"Red tent with poles, 3 hats, 2 pairs of shoes, 1 Black jacket",,70 Days,5/10/2022,Yes,
1661,3/9/2022,4th Ave from James St to Cherry St,T6-JL-0309,"Large Black suitcase with green jacket, TV screen, misc clothes, 3 small electronic screens with misc cords, Orange umbrella, Sharp microwave in box, Blue tent with poles",,70 Days,5/18/2022,Yes,
1662,3/9/2022,4th Ave from James St to Cherry St,T4-JL-0309,"Gray backpack, small Black suitcase with Black rain gear and misc clothes",,70 Days,5/18/2022,Yes,
1663,3/9/2022,4th Ave from James St to Cherry St,found in debris,Blue kobalt pressure washer,,70 Days,5/18/2022,Yes,
1666,3/9/2022,5th & Yesler,T1-KQR-0309,"Blue grey sundome tent, Green brown camoflague tent, Blue colemant mattress pad, Grey golden bear sleeping bag, Blue green tarp, Blue tarp, Backpack brace, tent poles, Coleman sleeping bag cover with grey blanket inside, Brown green hat, Orange grey socks, Blue short sleeve shirt, Red underwear, Black long john pants, 2 pairs black socks, Black skull cap",,70 Days,5/18/2022,Yes,
1667,3/10/2022,4th Ave & Yesler,T1-JL-0310,"Red sleeping bag, Green tent with poles, Red blue scarf, 2 knit hats",,70 Days,5/19/2022,Yes,
1670,3/17/2022,S Jackson St from 8th Ave S to 10th Ave S,T1-JL-0317,White and green tent with poles,,70 Days,5/26/2022,Yes,
1669,3/18/2022,Roxhill Park,T1-KQR-0318,"Pair of Charles Albert women black boots, White hamilton beach iron, pair of white female Sam Edelman boots, White Samsung cell phone, Black and silver cell phone, head phones, pair of Brown Navados work boots, pair of Red handled bolt cutter, Blue tarp with small hole",,70 Days,5/27/2022,Yes,
1672,3/25/2022,10th & Dearborn St,T16-JL-0325,"Camo bag with Blue jacket, green jacket, Red blue blanket, misc clothes",,70 Days,6/3/2022,Yes,
1674,4/6/2022,Broadway Hill Park,T2-JL-0406,Guitar with no strings,,70 Days,6/15/2022,Yes,
1675-1,4/18/2022,Gilman Park,,Arriba Novara blue with green front forks mountain bike,1,70 Days,6/27/2022,Yes,
1668,4/20/2022,Cal Anderson Park,T1-KQR-0420,"Green white Colman tent, Green camoflauge tarp, White pillow, Purple pillow case, Black blanket with red pepper images, Black Orange Brown blanket, Blue bag with tent poles inside, Red puma shoes, Brown kenneth cole shoes, Black free country jacket, Blue black scarf, White black scarf, Black puma underwear, Green blue fruit of looms pajamas, Black eddy bauer sweat pants, Grey andrew marc hooded jacket, Blue starter shorts, Grey addeas sweat pants, Blue tee shert with eagle emblem, Grey teek short, White envelope with paperwork inside, Green white seahawk skull cap, Black umbrella, Silver colered flash light, Red tyee sports bag, Black notebook, Olive sweat shirt, Grey seahawk hoodie, Grey eddie bauer sweat pants, 2 White tee shirts, 1-24 case water, Beats by dre pouch no head phones, Silver folding knife head light",,70 Days,6/29/2022,No,
1675-2,4/22/2022,Greenlake Park (Community Center),T1-JL-0422,"Black Jacket, Gray sweat pants, Black sneakers, Green pants, Gray pants, Red skirt",,70 Days,7/1/2022,Yes,
1676,5/4/2022,2nd Ave & Lenora St,T1-KJ-0504,"Set of cruthes, Brown blanket, Grey sheet, Grey blue ten",,70 Days,7/13/2022,Yes,
1681,5/10/2022,Woodland Park,T13-KJ-0510,"Red black backpack, Grey black backpack, Black backpack, Green black backpack, Blue black backpack, Blue black duffel bag",,70 Days,7/19/2022,Yes,
1682,5/10/2022,Woodland Park,T3-KJ-0510,Blue white golden bear tent,,70 Days,7/19/2022,Yes,
1683,5/11/2022,Woodland Park,T1-KQR-0511,Ozark trail White Grey tent with Blue top and tent poles,,70 Days,7/20/2022,No,
1685,5/19/2022,24th Ave NW & Shilshole Ave NW,[Name Withheld],"Chest of hand & power tools, various extention cords, vintage style radio, suitcase of various books",,70 Days,7/28/2022,Yes,
1684,5/20/2022,Lower Judkins Park,T1-KJ-0520,"Coleman tent Dark red gray orange, pair of Nike shoes Black white gray",,70 Days,7/29/2022,Yes,
1687,5/20/2022,Victor Steinbruek Park,T1-BB-0520,"Blue grey Coleman tent, Black white adidas track pants, Blue orange O'neil Jacket, Black yellow, reflective jacket, Brown, Levi jacket, glasses, Bose CD player (no headphones), Heimvision natural energy lamp",,70 Days,7/29/2022,Yes,
1693,5/20/2022,Feeway Park,T2-WTG-0520,Large blue suitcase w/clothing,,70 Days,7/29/2022,Yes,
1694,5/20/2022,Feeway Park,T1-WTG-0520,Cloth portable cooler Blue,,70 Days,7/29/2022,Yes,
1686,5/23/2022,S Dearborn St & 10th Ave S,T2-KJ-0523,"Blue blanket, Yellow white coleman tent",,70 Days,8/1/2022,Yes,
1688,5/25/2022,Freeway Park,"[Name Withheld]
DOB [Withheld]","8 drinking cups, measuring cup, 4 bowls, spoon, spatula, small black white heater, electric panni press, green extension cord, set of clear string lights, grey lantern, brown storage box",,70 Days,8/3/2022,Yes,
1689,5/25/2022,Freeway Park,T2-KJ-0525,"Blue, green, grey Coleman tent",,70 Days,8/3/2022,Yes,
1690,5/25/2022,Freeway Park,"[Name Withheld]
DOB [Withheld]
[Phone # Withheld]","tool belt, box of candles, Kobalt 24v max charger only, 18v battery only, 2 white stick up light, 3 cans of spray paint, brown zip bag various tools, sierra design water , grey storage container, 2 camping stoves, 3 sleeping bags, coleman lantern, broken guitar a large pelican ice cooler",,70 Days,8/3/2022,Yes,
1692,5/27/2022,3rd Ave from Cherry St to James St,found on sidewalk,"Dewalt bag w/personal hygiene inside, Cellphone - appears to be an apple device, back plate broken",,70 Days,8/5/2022,Yes,
1691,5/31/2022,Victor Steinbruek Park,T1-KJ-0531,"Blue, green, grey Coleman tent",,70 Days,8/9/2022,Yes,
1695,6/3/2022,Miller Playfield,T1-JL-0603,Green tent w/poles,,70 Days,8/12/2022,Yes,
1696,6/3/2022,Miller Playfield,found in debris,"Blue bag w/red blanket, small brown box w/misc items, 2 pairs of shoes, green amazon bag w/books and misc items, green jacket, red blanket, blue bag w/ bedding, green duffle type bag w/army gear and cam clothes.",,70 Days,8/12/2022,Yes,
1699,6/8/2022,Kinnear Park Lower,T1-KJ-0608,"Swiss gear suitcase w/clothing items, Coleman Tent",,70 Days,8/17/2022,Yes,
1700,6/8/2022,Kinnear Park Lower,T3-KJ-0608,"Arcleyx backpack w/clothing items, Book pack, Coleman tent",,70 Days,8/17/2022,No,
1702,6/13/2022,12th Ave S & S Weller St,T1-KJ-0613,"Colman tent with poles red/grey, Serta inflatable matteress with box, Colman sleeping  bag, Blue suitcase w/misc clothing, Norface sleeping bag, 2 mini foldable camping chairs, 2 colman sleeping bags",,70 Days,8/22/2022,Yes,
1697,6/15/2022,Freeway Park,T1-KQR-0615,"Blue Grey Ozark trail tent, Blue suisse sport sleeping bag",,70 Days,8/24/2022,No,
1698,6/15/2022,Louise Boren Park,T1-KJ-0615,"Guitar, Sleeping bag, Underwaer, Bicycle rack only, Adidas shoes",,70 Days,8/24/2022,Yes,
1701,6/22/2022,36th Ave S & S Adams St,T1-KJ-0622,"Pacific NW Swimming Team Backpack with various tools, Colman tent red/blue/grey",,70 Days,8/31/2022,Yes,
1703,6/23/2022,Rotary Viewpoint Park,T1-KQR-0623,"2 prints (art work) one of the world atlas, the other of a turtle.  Sterlite shelving (missing drawer), wicker basket. Small box w/green dress and purple shoes, Red tote bag w/misc tolietry items and small blue tarp still in bag.  Small blue lantern, 2 clocks, 1 red and 1 gold. Yellow handled hammer, black coat and 1 multi colored blanket.",,70 Days,9/1/2022,Yes,
1704,6/23/2022,Sturgus Park,T2-KQR-0623,Black carry on Smasonite luggage,,70 Days,9/1/2022,Yes,
1705,6/27/2022,Cal Anderson Park,Found in debris,"Green bag w/yellow bag inside w/misc items, Black bag w/flowers, Black purse, red radio (all items were inside the green bag). Grey backpack w/green bag inside, black purse, red shoes, large black suitcase w/misc clothes, 5 pairs of brand new black socks",,70 Days,9/5/2022,Yes,
1706,6/28/2022,Denny Park & Denny Playfield,T1-TH-0628,"3 Bibles, Car Registrations, Blue green tent, Green scuba bag, Phone chargers",,70 Days,9/6/2022,Yes,
1707,6/28/2022,Denny Park & Denny Playfield,"T2-TH-0628
[Name Withheld]","4 Clear bins, 1 Gray Bin, DR Who Poster",,70 Days,9/6/2022,Yes,
1708,6/28/2022,Denny Park & Denny Playfield,"T5-TH-0628
[Name Withheld]","Dark blue tarp, light blue tarp",,70 Days,9/6/2022,Yes,
1709,6/29/2022,Fauntleroy Park,T1-KQR-0629,"Green colman tent, 1 pair green Nike shoes, Black grey blanket, multi-colored blanket, Black short sleeve shirt, Green orange pants, 2 sleevless white t shirts",,70 Days,9/7/2022,Yes,
1710,6/30/2022,10th Ave S & S Lane,T3-KQR-0630,"Blue champion shoes, Blue red Tommy Hilgier shoes, White Saucony shoes, Black calf high boots, Black Puma shoes, Green tote bag, Maika Grey with white dots tote bag, Banana fish bag filled with clothing, pair of Grudens yellow pants, Black laptop case, 3 white hags dilled with clothing, Blue white 12 empire hat",,70 Days,9/8/2022,Yes,
1711,7/5/2022,3rd Ave from Cherry to James,T1-KQR-0705,Blue pacific pass tent,,70 Days,9/13/2022,Yes,
1712,7/6/2022,3rd Ave from Cherry to James,T1-KQR-0706,Green colmen propane camp stove - two burners,,70 Days,9/14/2022,Yes,
1713,7/7/2022,16th Ave SW & SW Barton St,T1-KJ-0707,"3-drawer plastic organizer w/personal hygiene, Blue black adidas duffel bag w/personal hygiene, Pink grey backpack adidas w/personal hygiene, 10 bozes of hand sanitizer spray, Black brown basket w/misc clothing, Brown basket w/various shoes, Glower print duffel bag w/misc shoes & clothing, Clear tote bag w/misc cosmetics, personal hygiene/feminine products. Pink duffel pag w/various personal hygiene & office supplies, Brown purse w/personal products, Pick basket w/various articles of clothing & winter boots, Clear bag w/various articles of clothing & 1st aid kit, Haloger power work light, various greeting cards",,70 Days,9/15/2022,Yes,
1714,7/7/2022,16th Ave SW & SW Barton St,T1-KJ-0707,Snowboard,,70 Days,9/15/2022,Yes,
1719,7/21/2022,Green Lake Park,T1-JL-0721,"Camo tent, red sleeping bag, black pants, gray sweat pants, blue jacket",,70 Days,9/29/2022,Yes,
1716,7/22/2022,Myrtle Edwards Park,T1-KJ-0722,"Green white Andover Sundome tent, Green GI issued type duffel bag with misc bedding and clothing items",,70 Days,9/30/2022,Yes,
1720,7/22/2022,N 95th St from Aurora Ave N & Linden Ave N,T1-JL-0722,"Blue black sleeping bag, green backpack w/2 phone chargers, pair of sunglasses black, pair of red glasses, green bag w/black small heater, black electronic box, black surge protector cord",,70 Days,9/30/2022,Yes,
1715,7/23/2022,3rd Ave from Cherry to James,T1-KQR-0723,Green and Brown ForceATT tent with poles,,70 Days,10/1/2022,Yes,
1717,7/25/2022,Cal Anderson Park,T1-KJ-0725,"Green brown sleeping bag, small yellow backpack with misc clothing, green gray ozark tent",,70 Days,10/3/2022,No,
1718,7/25/2022,Pratt Park,T2-KJ-0725,"Green grey Colman tent, Blue ikea duffel bag w/misc clothing, red suitcase w/misc clothing and accessories, white hard hat, black trash bag w/clothing items, hats and misc accessories",,70 Days,10/3/2022,Yes,
1724,8/1/2022,Lakewood Park,T1-KJ-0801,"Blue grey golden bear tent, Black white pink duffle bag w/misc clothing & personal hygiene, 4 Black backpacks w/misc clothing & personal hygiene, Blue tote with jumper cables & misc books. Multi colored backpack w/misc clothing & shoes. Pair of lepard print shoes with pink stripes ""And1"" brand",,70 Days,10/10/2022,Yes,
1722,8/2/2022,Denny Blaine Park,TI-KJ-0802,"Red maroon tent, Green black Eddie Bauer duffle bag w/misc clothing, cell phone selfie light and personal hygiene. Reusable goodwill bag w/misc clothing and personal hygiene.  Pair of brown keen boots size 12",,70 Days,10/11/2022,No,
1723,8/2/2022,6th Ave & Cherry St,T2-KJ-0802,"Green grey Ozark trail tent, Green white bed sheet",,70 Days,10/11/2022,Yes,
1721,8/3/2022,Judkins Park,T1-KQR-0803,"Unimom Minuet breast pump, bag of diapers inside black grey tote bag, 2 blue wicker chairs and 1 metal lawn chair",,70 Days,10/12/2022,Yes,
1725,8/4/2022,Belmont Ave E & E Olive Way,"T4-KJ-0804
[Name Withheld] [Phone # Withheld]","Opened pack of disposable face shields, spray bottle, box of coleman 6 piece cookware set",,70 Days,10/13/2022,Yes,
1726,8/9/2022,Poplar Pl S & S Dean St,T1-KJ-0809,Sinare Bike - Electric,1,70 Days,10/18/2022,Yes,
1727,8/9/2022,Cal Anderson Park,T1-KQR-0809,"Black box with yellow lid filled with misc bike parts, Light blue black bike with flat rear tire",1,70 Days,10/18/2022,Yes,
1728,8/10/2022,West Crest Park,T1-KQR-0810,Blue grey Colman tent w/poles,,70 Days,10/19/2022,Yes,
1729,8/11/2022,S Dearborn St & I-5 Vicinity,[Name Withheld],"2 wheel carts, Rigid pro pack shovac, LG Tv, Blue black duffel bag w/various tools",,70 Days,10/20/2022,No,
1730,8/15/2022,Poplar Pl S btwn S Dean & S Charles St,T1-KQR-0815,"Colman blue grey GO! Tent w/poles, Grey blanket, misc paperwork, 1 pair Black Nike tennis shoes, Black dress, Green Columbia jacket w/hood, Jennifer Moore black sweat pants, Wild Fable black style baseball cap, Black white stripe long sleeve shirt",,70 Days,10/24/2022,Yes,
1732,8/22/2022,10th Ave S & S Dearborn St Vicinity,T1-KJ-0822,"Walking cane, Crow bar, Hand shovel, Spot light, A/C charging cord",,70 Days,10/31/2022,Yes,
1733,8/22/2022,10th Ave S & S Dearborn St Vicinity,T2-KJ-0822,Blue black Colman tent,,70 Days,10/31/2022,Yes,
1734,8/23/2022,N 120th  St & Stone Ave N (Puetz Golf),T5-KJ-0823,Wheelchair,,70 Days,11/1/2022,Yes,
1735,8/23/2022,N 120th  St & Stone Ave N (Puetz Golf),T7-KJ-0823,"Black backpack w/contents of painting matierals, various pictures, 3-medication bottles for Baily Jones, various eating utensils and plates",,70 Days,11/1/2022,Yes,
1736,8/23/2022,N 120th  St & Stone Ave N (Puetz Golf),T18-KJ-0823,"Grizzly tarp (8 x 10) in snipping plastic, Green sleeping bag in snipping plastic",,70 Days,11/1/2022,Yes,
1731,8/24/2022,Urban Triangle Park Westlake Ave & Lenora,T1-TH-0824,"Red Tommy Helfinger bag, Green grey Wakeman Tent, Blue swiss gear backpack, Gray blankey",,70 Days,11/2/2022,Yes,
1737,8/24/2022,Bellevue Place,T1-KJ-0826,1 medication bottle for Daniel Hutchinson,,70 Days,11/2/2022,Yes,
1740,8/29/2022,Carkeek Park,[Name Withheld],"Misc items, toilet paper - 5 rolls, large brown tarp, gold colored chair, white colored chair",,70 Days,11/7/2022,Yes,
1739,8/30/2022,Freeway Park,T1-KJ-0830,Black Cannondale Bike,1,70 Days,11/8/2022,No,
1742,8/30/2022,Utah Ave,T3-KQR-0830,"Grey red sleeping bag, Black white jacket, Black blue Addidas backpack w/Bryant (206) 295-0555 written on it. Bag has 2 tribute sweaters still in plastic bag, 1 purple w/#5 and 1 green w/#25.  Blue white Ozark Trail tent, tent was locked from outside w/pad lock, had to use bolt cutters, zipped damaged.  Black plastic bag filled with clothing and other misc items. Blue container w/blue sleeping bag and blankets. Two blue containers w/red and white quilt. Black umbrella w/multi colored polka dots and more blankets.",,70 Days,11/8/2022,Yes,
1741,9/1/2022,University Place,T2-JL-0901,"Brown blanket in clear bag, pair of black shoes, white, blue laundry basket w/misc clothes",,70 Days,11/10/2022,Yes,
1743,9/2/2022,Cal Anderson Park,T1-KJ-0902,"Green tent, Blue sleeping bag, pair of slippers, Black bag w/a pair of eyeglasses, Blue packpack w/clothes & misc items, Black sleeping bag",,70 Days,11/11/2022,Yes,
1744,9/2/2022,Cal Anderson Park,T2-KJ-0902,"Blue sleeping bag, Black sleeping bag, Grent tent, Grey backpack w/misc clothing, Blue Jacket",,70 Days,11/11/2022,Yes,
1745,9/7/2022,Jefferson Park Golf,T1-KJ-0907,"Red grey Colman tent, Pillow & grey pillowcase, Medication bottle for Jason McKinstry, Black backpack with hygiene items",,70 Days,11/16/2022,Yes,
1746,9/8/2022,Licton Springs Park,found in debris,"Red Grey tent, Green grey tent, Blue flashlight",,70 Days,11/17/2022,Yes,
1747,9/12/2022,Interurban Trail btwn N 125th & N 128th St,T1-KJ-0912,"Blue black tent w/poles, Container with heads, Handheld video game player w/red case",,70 Days,11/21/2022,Yes,
1748,9/12/2022,Lincoln Park,T1-KQR-0912,"Invacare wheelchair, Blue cooler, Black plastic bag w/clothing, Misc book, 1 pair open toe slippers",,70 Days,11/21/2022,yes,
1749,9/13/2022,NW Ballard Way & 11th Ave NW,T1-KJ-0913,"Green tent new, Blue tarp new, pair of pliers",,70 Days,11/22/2022,yes,
1750,9/13/2022,NE 40th St & NE Pacific St Vicinity,T1-JL-0913,"Green bag w/black shoes, Black grey jacket, Green shirt, Small brown box w/misc items, White bag w/misc items, Clown doll",,70 Days,11/22/2022,yes,
1752,9/15/2022,Colorado Ave S & S Hudson St,T1-KQR-0915,Red black first aid filled with first aid supplies,,70 Days,11/24/2022,yes,
1751,9/19/2022,60th St Park Vicinity,[Name Withheld] - Self Stored,"Memory foam wrapped in plastic in cardboard box, Silver Ladder, Orange Ladder, Blue Kobalt 3 gal air compressor, Black bag w/White frame, Black toolbox w/small yeollow nailgun, Blue battery charger, Black jigsaw, 5 misc sockets, White inflatable peddle bard type device, bi directional recording device, Blue nailgun, Blue net bag w/misc clothing",,70 Days,11/28/2022,yes,
1753,9/26/2022,Cal Anderson Park,T2-KJ-0926,1 Black & Blue sleeping bag; 1 green hammock; 1 black & ordge/red hammock cover; 1 camping supplies,,70 Days,12/5/2022,yes,
1754,9/26/2022,Victor Stienbruek Park,T1-KJ-092,"Multi-colored suitcase w/misc clothing, 9 various backpacks and bags with misc clothing and hygiene items",,70 Days,12/5/2022,yes,
1755,9/26/2022,Licton Springs Park,T1-JL-0926,Blue grey tent w/poles,,70 Days,12/5/2022,yes,
1757,9/30/2022,Fremont Canal Park,[Name Withheld] - Self Stored,"Black container filled with misc tools, Black container w/brown spray paint & misc tools, Plastic Uhall bag filled with misc clothing",,70 Days,12/9/2022,yes,
1758,10/3/2022,Gerber Park,T2-KJ-1003,Black gray monitor,,70 Days,12/12/2022,yes,
1759,10/11/2022,Jefferson Park  ,T1-KJ-1011,"Blue tote w/misc items - books batteries, letter, game controller, toys, YES WE CAN daily celebration of the legacy Barack Obama. Grey green tote w/misc items - basketball, green helmet, ziploc bag of misc items, foot air pump, Red sleeping bag, bag with misc clothing",,70 Days,12/20/2022,yes,
1763,10/11/2022,Lake Washington Blvd Trail,T1-KQR-1011,"Clear plastic bag filled w/misc items, blanket, clothing",,70 Days,12/20/2022,yes,
1760,10/13/2022,Magnuson Park,found in debris,5 books,,70 Days,12/22/2022,yes,
1761,10/13/2022,Magnuson Park,T2-JL-1013,Pair of brown boots,,70 Days,12/22/2022,yes,
1762,10/14/2022,7th Ave & James St,T1-KJ-1014,Blue grey Ozark trail tent ,,70 Days,12/23/2022,yes,
1764,10/25/2022,8th Ave NE & NE Northlake Pl,T1-KJ-1025,"Inchor Blue watch, Black motorcycle helmt w/1 glove inside, White black violin w/black case",,70 Days,1/3/2023,yes,
1765,10/25/2022,Alaskan Way S from Atlantic to Jack Perry,T3-KQR-1025,DIA 20 pocket scale,,70 Days,1/3/2023,yes,
1766,10/25/2022,Alaskan Way S from Atlantic to Jack Perry,T4-KQR-1025,"Yellow black garrity lantern, 3 water bottles, plastic clock, green draw string bag filled w/misc clothing",,70 Days,1/3/2023,yes,
1767,10/28/2022,Nagel Pl,T1-KJ-1028,"Pink back pack w/misc articles of clothing, Blue bag w/misc articles and clothing, Blue case socket set (incomplete), Pair of black red milwaukee gloves, small purple bucket, brown jacket, grey sweater",,70 Days,1/6/2023,yes,
1768,10/31/2022,Interurban trail vicinity,T1-JL-1031,"Black jacket, white bag w/misc clothes, black bag w/misc clothes",,70 Days,1/9/2023,yes,
1769,10/31/2022,Green Lake Park,T2-JL-1031,"Blue tent, blue mat, blue sleeping bag, gray sleeping bag, pair of black shoes",,70 Days,1/9/2023,yes,
1770,11/2/2022,Interlake Park,T2-KQR-1102,"Purple orange tent, Green Greatland cover, Blue green Wenzel sleeping bag, Green black Safeway Albertson bag filled w/clothing.  Black silver Audo Fidelity radio, mattress pad in white plastic covering.",,70 Days,1/11/2023,yes,
1771,11/8/2022,Shilshole Ave NW & NW 45th St Vicinity,T2-JL-1108,"Blue bag w/misc books, Black packpack w/3 flashlights, ring of several keys, Pair of brown shoes, Red black hand truck dolly.",,70 Days,1/17/2023,yes,
1772,11/9/2022,6th & James,T1-KQR-1109,"Yellow with black straps Glaciers Edge bag containing a pair black brook sneaker, picture frame and other misc items.  Another Yellow with black handle straps Glacier Edge bag containing with Honeywell portable heater, Black white and grey blanket.  Empty blue Calpak suitcase with broken handle and crack along top corner.  Green skyway suitcase containing brown jacket and other misc clothin.  1 Blue tarp, 1 metal fram cart.",,70 Days,1/18/2023,yes,
1773,11/10/2022,26th Ave S & S Plum St,T1-KJ-1110,2 Mr Heater Little Buday Propane Heater,,70 Days,1/19/2023,yes,
1774,11/14/2022,S Washington St btwn 3rd Ave S & 4th Ave S,T2-KJ-1114,"Black suitcase, Brown boots, 2 pillows, Makeup containing various makeup, Green duffel bag w.misc jackets, Blue tarp, Red grey sleeping bag",,70 Days,1/23/2023,yes,
1775,11/16/2022,12th Ave & S Lane St,T1-KJ-1116,Black orange bicycle - GMC Denali,1,70 Days,1/25/2023,yes,
1776,11/17/2022,Rotary Viewport,T1-KQR-1117,"Grey tote bag w/pair black yellow TuTange sneakers, green canteen with tan covering and other items.  Green gresh meal bag containing 1 check book and clear plastic trey.  Green umbrella with black polka dots",,70 Days,1/26/2023,yes,
1777,11/18/2022,Albert Davis Park,T2-JL-1118,"Greent tent w/poles, Gray sleeping bag",,70 Days,1/27/2023,yes,
1778,11/18/2022,Poplar Pl S & S Dearborn,T2-KJ-1118,"Black sleeping bag, Black dress shoes, Cardboard box w/3 work lights, extension cords and wiring",,70 Days,1/27/2023,yes,
1779,11/22/2022,26th Ave S,T1-KQR-1122,Black blue suitcase on wheels w/various items including bottle of gabapentin on the label,,70 Days,1/31/2023,No,
1780,11/22/2022,S Winthrop St,T2-KQR-1122,"2 sleeping bags in Coleman draw string, 2 blue sleeping bags without draw strings in bags, Grey Levi bag w/various items inside, brown blanket and 1 multi colored blanket, Mini mouse doll, Columbia sneekers and 3 pillow of various sizes and colors, 8x10 tarp still in plastic",,70 Days,1/31/2023,yes,
1781,11/22/2022,25th Ave S  ,T3-KQR-1122,"Blue silver Shimano 21 speed bike with missing seat model #CA480 Motive, Another bike spray painted grey no markings and chain missing",2,70 Days,1/31/2023,yes,
1782,11/28/2022,Freeway Park,T3-KJ-1128,"Foldable cart (Black & Red), Car key (possibly to a Honda)",,70 Days,2/6/2023,yes,
1783,11/30/2022,Green Lake Park,T1-KJ-1130,"Orange, yellow Northface tent, Green pillow, 2 Blue blankets, Pair of blue brooks tennis shoes, grey bag with mics clothing, reusable shopping bag woth book ""Commentary on the old testament"" other misc papers and person hygiene ",,70 Days,2/8/2023,yes,
1784,12/6/2022,Pratt Park,T1-KQR-1206,"3 packs of flashlight (blue, silver, red), 1 black blue flashlight w/green carabiner.  Blue grey digital thermometer, black red manually powered flashlight radio",,70 Days,2/14/2023,yes,
1785,12/6/2022,3rd Ave S & S Washington St,T2-KQR-1206,"Tan air mattress, blue grey sleeping bag and long sleeve grey shirt",,70 Days,2/14/2023,yes,
1786,12/12/2022,Duwamish Head,T1-KQR-1212,One dollar,,70 Days,2/20/2023,yes,
1787,12/12/2022,Duwamish Head,T2-KQR-1212,"Black craftsman drill, box of colored pencils with name Burke on the case, pair all in motion Black grey gloves, Yellow black allen wrench set, Silver multi tool allen wrench set, Ford key and house key with tree artwprk design",,70 Days,2/20/2023,yes,
1788,12/12/2022,Duwamish Head,T3-KQR-1212,"Dremel set, Dewalt planer, Dewalt jigsaw, Dewalt 24v battery, Dewalt router, Erin plum line, pair channel lpck, bottle plum line chalk, Silver kodak camera, Green portable power station",,70 Days,2/20/2023,yes,
1789,12/13/2022,Poplar Pl S,T1-KQR-1213,"Microsoft audio dock, 2 Orange grey HTC power bank, 2 gillett razors, various hand tools. Green black wishouse walkie talkie. Skull candy earphones in open box, medication bottle with the name Kindrick on the lable",,70 Days,2/21/2023,yes,
1790,12/13/2022,Poplar Pl S,"Self Stored by [Name Withheld]
T3-KQR-1213","32 in LG TV, Intertec portable infrared heater, ",,70 Days,2/21/2023,yes,
1791,12/15/2022,Seward Park,T1-KJ-1215,"2 Ipods, Santa shopping bag w/misc clothing and drawing pens. Set og Jabra GN earbuds in box, Medication bottle for Haily Evles, misc pillows and blanket.",,70 Days,2/23/2023,yes,
1792,12/29/2022,S. Dearborn & Corwin Pl S,T1-KJ-1229,2 pair Nike tennis shoes; 1 pair black tennis shoes; 1 High Sierra black backpack w/ misc. clothing; 1 Blue & White baseball cap,,70 Days,3/9/2023,yes,
1793,12/29/2022,3rd Ave & James St,T2-KJ-1229,1 black & grey Coleman sleeping bag; 1 blue duffel bag w/ misc. clothing,,70 Days,3/9/2023,yes,
1794,1/5/2023,Alaska Way S & S Jackson St,FID,1 bottle of medication w/ name of Carl Steed listed; 1 grey backpack w/ misc clothing items; 1 blue blanket in plastic wrapping; 1 green coleman tent with pikes,,70 Days,3/16/2023,No,
1795,1/6/2023,Victory Creek Park,[Name Withheld],"1 black bag w/ shoes & grey sweats; red suit case w/ jeans & misc clothes; black suit case w/ white shoes, brown shirt, black pants & misc. clothes; black bag w/ green pillows; inflatable mattress",,70 Days,3/17/2023,yes,
1797,1/10/2023,10th Ave S & S Main St,T1-KJ-0110,1 pair black boots; 1 set of con-air nail clippers in carry case; 1 coleman camping stove; 1 Jensen alarm clock radio in a box; 3 camping lights; 1 pack of AAA batteries,,70 Days,3/21/2023,yes,
1801,1/10/2023,Utah Ave,"[Name Withheld]
T1-KQR-0110","Note: self-stored (white male, mid 30's) 1 white/grey Coleman cooler; 1 white Igloo coller w/ broken top",,70 Days,3/21/2023,yes,
1802,1/10/2023,Utah Ave,T3-KQR-0110,1 blue cell phone w/ no brand name,,70 Days,3/21/2023,yes,
1803,1/10/2023,Utah Ave,T7-KQR-0110,"Note: self-stored (white male, mid-50's, calling himself John); 1 two foot metal Werner ladders; 1 6ft metal ladder; 1 canopy frame w/o cover; 1 hand-truck; 2 carts w/ wheels",,70 Days,3/21/2023,yes,
1798,1/11/2023,Alaskan Way & Yesler Way,"T1-KQR-0111
[Name Withheld]","Pavillo brown inflatable mattress; black under armor bag with white extension cord and purple flashlight; Black cooler bag with misc. items including small silver speaker, small black scale, Nokia cell phone, red Gasport’s pump; 1 blue tent bag with tent poles; 1 black tent bag with tent poles; multi-colored quilt; 1 Blue/Black Golden Bear tent (Damaged) with tents poles; 1 green tarp. NOTE: There was a lock on tent zipper that had to be cut.",,70 Days,3/22/2023,No,
1796,1/12/2023,Judge Charles Stokes Overlook Park,T1-KJ-0112,"1 gray storage bin (tote) w/ misc. clothing & sunglasses; 1 black purse w/ misc. make-up & medication w/ name on it: Mielnik, Kelli; 1 social security card w/ name of Supreme-Yahson, C. Sam",,70 Days,3/23/2023,yes,
1799,1/17/2023,Ravenna Blvd (I-5),T1-JL-0117,"Black sleeping bag, black comupter type bag",,70 Days,3/28/2023,yes,
1800,1/18/2023,Fremont Canal Park,T1-KJ-0118,1 pair black tennis shoes; misc. coloring pencils; 1 art pad,,70 Days,3/29/2023,yes,
1804,1/19/2023,E Olive St & 13th Ave,T4-KJ-0119,1 motorized Scooter (Go-Go Traveler),,70 Days,3/30/2023,yes,
1805,1/20/2023,Alaskan Way S & S Washington St,T1-KQR-0120,"1 Silver heart ring; 1 blue/white Igloo cooler, 1 blue sleeping pad, 1 black Hunter rain boots; 1 blue/grey tent; 1 Motorola cell phone w/ cracked screen; 1 blue cart w/ wheels; 1 pink flashlight; 1 electric hair trimmer in case w/ guards of various sizes.",,70 Days,3/31/2023,yes,
1806,1/24/2023,6th Ave S & S Royal Brougham,T2-KQR-0124,1 blue tarp w/ holes; 1 black Nine West handbag; AMC accessories handbag w/ multi-colored dresses (Cotton Candy brand) inside; 1 black coffee mug w/ name Amy Anderson on it.,,70 Days,4/4/2023,yes,
1807,1/27/2023,NW 85th St & 1st Ave NW,T1-JL-0127,"1 black bag w/ 3 pairs of shoes; 1 pair of black shoes; 1 pair of white shoes; red ""jump box"" type of electrical box; small propane type of heater; 1 black bag",,70 Days,4/7/2023,yes,
1808,1/30/2023,E Howell St & Nagle Pl,T2-KJ-0130,"1 orange ""camel crown"" tent; 1 multi-colored heart blanket; 1 red basket w/ misc. clothing",,70 Days,4/10/2023,yes,
1809,1/30/2023,Broadway Hill Park,T3-KJ-0130,"1 bike w/ decal ""DCR""; 1 small electric heater; 1 portable drawing table w/ light",1,70 Days,4/10/2023,yes,
1810,2/1/2023,2nd Ave N & Mercer St,FID,2 X mobile XBA celll phones in sealed packages,0,70 Days,4/12/2023,yes,
1811,2/6/2023,316 NW 85th St,Self-Store: [Name Withheld] (phone # [Withheld]),5 boxes of books; 1 black bag of books; 1 black bag of misc. tools & lighting devices; 1 grey bag of misc. items; 1 blue & brown bag of bungee cords & misc. items; 1 white bucket of misc. items; 1 black box of misc. items,0,70 Days,4/17/2023,yes,
1812,2/6/2023,Alaskan Way S & S King St,T1-TH-0206,"1 Trixun brand watch, black w/ a broken strap",0,70 Days,4/17/2023,yes,
1813,2/9/2023,Lower Kinnear Park,T1-KJ-0209,1 pink samsonite suitcase w/ misc. clothing; 1 black tote w/ locks & what appears to be a make-up case; 1 blue & green coleman tent; 4 multi-colored stuffed animals; 1 black blanket; 2 small blue pillows; 1 pair of black/grey/white Adidas tennis shoes w/ camo bottoms,0,70 Days,4/20/2023,yes,
1814,2/13/2023,Broadway Hill Park (E Republican St & 11th Ave E),T3-KJ-0213,1 Coleman sleeping bag,0,70 Days,4/24/2023,yes,
1815,2/14/2023,N 128th St & Stone Ave N,T2-JL-0214,1 pair of black shoes,0,70 Days,4/25/2023,yes,
1816,2/21/2023,Thomas St Mini Park,T5-KJ-0221,1 blue/grey/red Coleman tent,0,70 Days,5/2/2023,yes,
1818,2/21/2023,Gilman Ave W & W Bertona St,T1-KQR-0221,1 simulated train set (Orbit series) - open box; red Walgreen container containing yellow hologen light; red Dirt Devil hand vac; 2 white shock absorbers; 2 black shock absorbers; various power cords; purple Turbo tote bag filled w/ misc clothing and medication (Quetapine); blue & white bag filled with clothing; red short sleeve jersey #22; hooded grey and black camo jacket; black Palladium boots; red & black backpack; blue portable fan; red & pink polka-dot bag filled w/ misc power cords & other items; Brydge keyboard; black laptop bag; 1 green & grey American Out tent; 1 blue & green White Stag tent,0,70 Days,5/2/2023,yes,
1817,2/24/2023,Cal Anderson,FID,"1 20 inch ""Freestyle"" bike",1,70 Days,5/5/2023,yes,
1819,2/28/2023,Pratt Park,T1-KJ-0228,1 green tarp; 1 black mat (foam); 1 green 2XL ggreekside jacket; 1 pr brown gloves; 1 pr brown US Polo Assn boots - size unknown; 2 baseball caps; 3 bed sheets; 1 pr Stacy Adams shoes (9.5M); 1 brown wallet w/ 2 WA Quest cards for Heriberto E Detamoza; 1 black XL Dockers jacket; 1 purple trash bag w/ personal hygene items; 1 red & grey sleeping bag; 1 red Milwalkee dolly,0,70 Days,5/9/2023,yes,
1820,2/28/2023,Gilman Playground Vicinity,T1-JL-0228,red bag w/ blue sleeping bag; red bag w/ misc clothes; 2 books; blue sweat pants,0,70 Days,5/9/2023,yes,
1821,3/3/2023,Rotary Viewpoint Park,T1-KQR-0303,1 Green & Beige Ozark Trail tent w/ green top & tent poles in bag,0,70 Days,5/12/2023,yes,
1822,3/8/2023,Jefferson Golf Course - V.A. Parking,T3-KJ-0308 ([Name Withheld]),"1 Blue & Black Golden Bear tent; 1 Bridgestone Bike; 1 blue tarp; 2 brown blankets; 1 pair of brown Red Wing work boots; 1 brown coat; 1 pair of black snow boots; 1 reflective vest w/ ""Real Change"" logo; 1 blue hard hat",1,70 Days,5/17/2023,yes,
1823,3/13/2023,6th Ave N & Roy St,T5-KJ-0313,"Grey & blue case w/ drawing pend, pink diary, blue diary w/ leaves. and Pokemon trading card games; 1 pair of glasses in Ray-Ban case; black & red wallet w/ approx. 20 various gift cards, EBT cards. and Orca cards (No identifying cards); various hygiene scents and feminine products.",0,70 Days,5/22/2023,yes,
1824,3/15/2023,E Olive Pl & Melrose Ave,T1-KJ-0315,1 red & black Next bicycle; 1 blue tarp; 1 camping stove; 1 camping lantern; 1 multi-screwdriver; 1 file; wrench,1,70 Days,5/24/2023,yes,
1825,3/15/2023,Jackson Golf Course,T1-KQR-0315,1 Go! Coleman blue & grey tent; 1 green Kamp-Rite cot,0,70 Days,5/24/2023,yes,
1827,3/20/2023,Aurora Ave N SB on ramp/Linden Ave/Winslow Pl N,T1-TH-0320,"Black Sony CD.DVD player, White x-box console, Black/White venturer brand CD/DVD players, Stanley Brand 25' measuring tape silver/yellow",,70 Days,5/29/2023,yes,
1826,3/21/2023,1st Ave SW & SW Michigan St,T5-JL-0320,"Tool belt w/suspenders, small blue bag w.misc wrenches, blue hammer",,70 Days,5/30/2023,yes,
1831,3/22/2023,Julia Lee Park,FID,Black bag w/Volley net set,,70 Days,5/31/2023,yes,
1828,3/27/2023,17th Ave & E Howell St,T1-JL-0327,"Blue tent w/poles, Red sleeping bag, Black shoes, Pink and blue blanket, Yellow blanket, Black Sweat shirt.",,70 Days,6/5/2023,yes,
1829,3/28/2023,Cowen Park,T1-JL-0328,"Green backpack w/2 pairs of shoes, Orange coffee cooler, Black garbage bag w/misc clothes, Black jacket, gray sweat suit, Gray Hacket and Black garbage bag w/misc clothes. ",,70 Days,6/6/2023,yes,
1832,3/28/2023,Lake City Community Center,T1-KQR-0328,"Samsung cell phone w/crack screen, 1 iPhone model U316AT w/crack screen. Blue berry fusion vape, White flashlight, Exide 12 volt battery charger, Beats bluetooth speaker, Ryobi angel grinder w/lithium battery, Black ear muffs, empty black wallet, Black belt, Black brush, Green blanket, Purple blanket, Green Calvin Klien bag, various CD. Bottle of mucus relief medicine, Bottle of migraine relief medicine, Blue ricardo suitcase w/broken handle and fire damage. ",,70 Days,6/6/2023,yes,
1830,3/30/2023,Volunteer Park,T1-JL-0330,"White suit case w/neatly rolled clothing, sock, misc, clothing, black air pump. Gray bag w/small gray mat, small blue heater, blue bedding, inflatable mattress, red tent w/poles. ",,70 Days,6/8/2023,no,
1833,4/3/2023,Florentia St and Nickerson St,T1-KQR-0403,Insignia TV S/N LZRH3YA005098,,70 Days,6/12/2023,yes,
1834,4/5/2023,Interurban Trail,T1-KQR-0405,"Golden Bear brown/white and Orange tent w/poles. A 1-dollar bill, yellow flashlight,m key bank card (Monica L Hamilton) inside green/grey WooBouKing backpack.  Grey/black sleeping bag with holes, grey/black blanket, blue hooded jacket w/black liner burnt mark left chest pocket. ",,70 Days,6/14/2023,yes,
1835,4/5/2023,Interurban Trail,T2-KQR-0405,"Black/grey IZOND suitcase missing wheel, blue sleeping bag w/FSS sewn on, Blue/light blue blanket.",,70 Days,6/14/2023,yes,
1836,4/6/2023,Licton Springs Park,[Name Withheld] DOB: [Withheld],"2 Grey blankets, Red & Grey sleeping bag, Grey storage garage tent, Small Red Propane heater, Clear pet food storage container no lid, Blue coleman tent, Medium Blue tarp, Large Black tarp",,70 Days,6/15/2023,yes,
1837,4/10/2023,10th Ave S & S Lane St,"T2-KJ-0410
Possibly [Name Withheld]","Suitcase w/misc clothing Nike Black and wht tennis shoes, Calvin-Hobbs comic strip books (2), 2 Compositon Notebook with the name Brandy Carlson, Blue & Blk duffel bag w/sheels contents various clothing, Black & Tan bag w/various clothing, 3 Black totes w/various items. Names on tote and some items is Brandy Carlson.  Grey tote w/various bags and backpacks. ",,70 Days,6/19/2023,yes,
1838,4/18/2023,N 127th and Interurban Trail,T1-KQR-0418,20 dollar Master Card/Coco Cola gift card,,70 Days,6/27/2023,yes,
1839,4/21/2023,6th Ave & Mercer St,T3-JL-0421,"Blue grey tent, misc clothes, pink bag w/misc items, Black suitcase, small red heater, black shoes, small gray ironing board",,70 Days,6/30/2023,yes,
1840,4/21/2023,6th Ave & Mercer St,T2-JL-0421,"Black suitcase w/2 belts, 2 pants, black jacket, green mat, gray mat, blue bedding, blue tent, blue umbrella, gray net type bag w/misc items.",,70 Days,6/30/2023,No,
1841,4/24/2023,Bergen Place Park,T1-KQR-0424,"Green tent w/Grey botto (no brand name), blue tarp, black grey coolzon sleeping bag, Purple blanket, tan blanket, black brown blanket, multi colored quilt, blue blanket w/images of fish, various stuff animals, plastic bag filled with personal hygien items.",,70 Days,7/3/2023,no,
1842,5/1/2023,Fremont Canal Park,T1-JL-0501,"Green bag w/3 pairs of shoes. 3 Black Jackets, 1 Blue brown large backpack. 1 Black bag w/misc clopthes, 2 boxes of magic cards, 1 pair of camo type pants, 1 brown bowling ball bag w/bowling ball, 1 large black suit case w/misc clothes",,70 Days,7/10/2023,yes,
1843,5/1/2023,Miller Park Playfield,Ti-KJ-0501,"Blue tent Coleman, White comforter, Brown blanket, Reuseble value village shopping bag w/misc clothing, Green red Coleman sleeping pad, White basket w/misc clothing and shoes, Bag of misc clothing.",,70 Days,7/10/2023,yes,
1844,5/4/2023,Cascade Playground,T1-JB-0504,"Various books, Green tan Coleman tent, Inflatable Air mattress with pump, WA ID Card, Bottle medication, various bottle of dietary supplements, variety of personal hygienes items, pari of black slip of shoes opentoe, safety pins, razors in package, signle tool pliers (red) caribener clip device, wall charge plug and USB cable.",,70 Days,7/13/2023,yes,
1845,5/9/2023,3rd Ave & Cherry St,[Name Withheld],"Self Storage: Tent occupant transported to hospital.  2 bags (black) of personal effects i.e. clothing, tent backpacks and tarp.",,70 Days,7/18/2023,yes,
1846,5/11/2023,9th Ave & Virginia ,T1-KQR-0511,"Pair of Red white NIKE sneakers, pair all white Nike sneakers, Pair Black platform loafer type shoes, Blue black Guides Choice Jacket, pair Black gloves and other clothing in grey bag silver and black handles. ",,70 Days,7/20/2023,yes,
1847,5/15/2023,Ballard Library Vicinity,T1-SP-0515,"Pair of Blue Nike Shoes, Work lights, Power Supply",,70 Days,7/24/2023,yes,
1848,5/16/2023,Ravenna Blvd by Green Lake,T1-JL-0516,"Green bag w/4 pairs of shoes, 2 Black jackets, 3 books, Red brown blanket, Brown jacket, Black backpack",,70 Days,7/25/2023,yes,
1849,5/16/2023,Poplar Pl S from S Dearborn St to S Bush Pl,T1-SP-0516,"Ring, EBT Card, Pair of Black boots, Flute, Pliers",,70 Days,7/25/2023,yes,
1850,5/19/2023,Jose Rizal,T1-SP-0519,"Red patagonia bag with clothes, Windshield repair kit, driver license, Regnence Care, New picture frame.",,70 Days,7/28/2023,yes,
1851,5/22/2023,Ravenna Park,FID,Blue Bike,1,70 Days,7/31/2023,yes,
1854,5/22/2023,Ravenna Park,T1-KQR-0522,"Black hooded North Face jacket, Silver phone charger w/flashlight, Gold colored watch, Blue west Marine spot light, small manually operated flashlight, Whistler Blackcom card with name Ariel Schneier (33657397907)",,70 Days,7/31/2023,yes,
1855,5/22/2023,Ravenna Park,T2-KQR-0522,"New black & decker coffee maker (box opened by FC to verify). Silver CoolPIX Nikon camera, black car dvr camera, White black security man camera, Three 2-pack 3/8 roller skins, 1 single pack 3/8 roller skin, One 12-pack 4 inch roller skins.  One roller paint frame, green paint trey, Red helmet.",,70 Days,7/31/2023,yes,
1852,5/23/2023,S Industrial Way & Airport Way S,T1-SP-0523,"3 blue tarps, DVDs, Picture Frame, Canopy, Black teal Coleman Tent, Ipod touch, Blankets",,70 Days,8/1/2023,yes,
1853,5/24/2023,Denny Park,T1-JL-0524,"Blue Magna Mtn Bike, Blue bedding, Grey suitcase, w/misc clothing, Black suitcase w/misc clothing, Red fishing reel, Green bag w/3 pair of shoes, Brown bppts, white boots, Blue white umbrella, Tan folding chair",1,70 Days,8/2/2023,no,
1856,5/24/2023,Golden Garden ,T1-KQR-0524,"3 medication bottles, Brown w/Camo marking Ozark Trail rain boots, Red white blue beach matt, J Martin file knife, 8x10 blue tarp, 48x72 blue tarp, Light blue drawstring bag w/socks and personal hygiene. Red packpack, Black JDRF cooler, White VR set, Skyloft Hammock, Blue blanket w/zipped hood. Brown leather bomber type jacket Onn charger, anker charger, Blu folding lawn chair, various clothing. ",,70 Days,8/2/2023,no,
1857,5/30/2023,Ravenna Blvd,T1-JL-0523,"Black jacket, Blue jacket, Blue sleeping bag, 5 pairs of shoes, Black bag w/misc clothes, Hat, Blue bag w/6 books",,70 Days,8/8/2023,no,
1858,5/31/2023,Pioneer Square,T1-SP-0531,Black Bike,1,70 Days,8/9/2023,yes,
1859,5/31/2023,Fremont Canal Park,T1-SP-0531,"Ear buds, Headphones, Food thermonter, Black samsonite bag, Blue tarp, Blue tent",,70 Days,8/9/2023,yes,
1860,6/5/2023,Judge Charles Stokes ,"self stored by [Name Withheld]
[Phone # Withheld]","Propane heater, propane stove, black bag of personal hygiene",,70 Days,8/14/2023,yes,
1862,6/6/2023,Utah from Atlantic to Stacy,T1-KJ-0606,Grey red backpack w/misc clothing and black dress shoes.,,70 Days,8/15/2023,yes,
1861,6/7/2023,Albert Davis Park,T1-KQR-0607,"Blue grey Colman tent w/poles. Black baseball cap with picture of skull, Black germ guardian air purifier",,70 Days,8/16/2023,yes,
1863,6/9/2023,3rd Ave S & S Horton St,T1-TH-0609,"Black green cooler big (Titan Brand), Blue gray sleeping bag,  Wahl Brand hair trimmer Kit in Black Case, Orca Card in Black window case, $1.41 in coins. ",,70 Days,8/18/2023,yes,
1864,6/14/2023,Tashkent Park,T1-KJ-0614,"Brown cardbox of misc clothing, Black Barge backpack with misc clothing & hats, Light Blue small suitcase with misc clothing, Skateboard without wheels, Blue yellow sleeping bag, Black boots sz 13M",,70 Days,8/23/2023,yes,
1865,6/20/2023,S Dearborn St btwn 10th Ave S & 9th Ave Under I-5,T1-TH-0620,"Black sleeping bag Stone & Co brand brown mini backpack, 1st aid kit, Red bag, Silver crpss with Blue glass panel.  Micro touch rechargining shaver, Keyring 4 keys, 2 with lue tops for master locks, Coleman propane lanterna (Black), $25 cents, copper braclet, Brown charger, pair of scissors, nail clippers, pens in silver cups, ",,70 Days,8/29/2023,yes,
1866,6/20/2023,NE 71st St & E Greenlake Way N,T2-JB-0620,"Blue tote of books, jumper cables, partial set of sockets, damaged Auster guitar, Blue huffy bike, Black and Decker electric lawn mower, Doona child car seat, pickle ball, extension cord orange.",,70 Days,8/29/2023,yes,
1867,6/21/2023,Ravenna Park,T1-SP-0621,Blue Tarp,,70 Days,8/30/2023,yes,
1868,6/21/2023,Ravenna Park,T2-SP-0621,"2 Black bags, Blue bag, Yellow tent, Red bag, EBT Card, Debit card, True temper wheel barrel, Blue blanket w/black strips",,70 Days,8/30/2023,yes,
1869,6/22/2023,S Industrial Way & Airport Way S,T2-TH-0622,"Black purple suitcase filled with clothes, Black change bag  w/clothes, Gray bag with personal papers, Green briggs & ricey big bag with clothes, H&M brand blue jacket, Baseball cap, Large rolling suitcase, Black backpack, Black trash bags of clothes and shoes",,70 Days,8/31/2023,no,
1870,6/22/2023,S Main St & Alaskan Way S,T2-KJ-0622,"Holy Bible Black cover in a black bag, Quan black cover gold writing, Holy Bible brown cover in grey bag, Clear bag with misc newspaper, Blue & orange tent with poles, Grey bag with porn magazines, Grey bag with Almanac",,70 Days,8/31/2023,yes,
1871,6/26/2023,2nd Ave & Lenora St,T1-KJ-0626,"White suitcase w/,isc clothing & personal hygeine, Grey & Blue Coleman tent, Blue sleeping bag, large blue blanket.",,70 Days,9/4/2023,yes,
1872,6/27/2023,NE 71st St & NE Ravenna Blvd to E Greenlake Way N,T1-JB-0627,"Orange columbia suitcase, Black ricardo suitcase work boots, White red shoes, Phone mount, Chili lights, Keys milwaukee red and black tools, 2 damage phones, various finanical style cards, notebooks brown bag with journal style notebooks and paperwork. ",,70 Days,9/5/2023,yes,
1873,6/29/2023,Volunteer Park,T1-JL-0629,"White shoes, Brown shoes, White bag w/misc clothing, 2 Blue bag w/misc clothes, empty Black backpack, ID-Anna Desimone, Gray blanket, White hoodie, Black suitcase w/misc clothes, 2 Small empty jewelry boxes, Small Red skateboard, small air pump, small tablet, small clear box w/misc cords, Pair of Black shoes, Green black shoes w/black phone inside, Blue suitcase w/misc clothes.",,70 Days,9/7/2023,yes,
1874,6/30/2023,Cascade Playground,T1-JB-0630,"Blue grey ten, bag w/art supplies, stickers, mail. Black silver bedding, spiral style journals tatto design book. Which case with ear buds, pens, pencils, coloring books. ",,70 Days,9/8/2023,yes,
1875,6/30/2023,Cascade Playground,T2-JB-0630,"Blue silver tent and tarp folded next to green bag with hygiene items, self-care items. Orange pails with more personal items shampoo, soaps, lotions, scub brush. Box of tea, small articles of clothing folded. (Near fence and bushes in NW part of park)",,70 Days,9/8/2023,yes,
1876,6/30/2023,S Dearborn St btwn 7th Ave S & Maynard Ave S,T1-TH-0630,"Logitech speaker black, Green bag clothing, Memorex cd player, Black gray tarp, green bag with personal care items, charger cord, Black green headphones, Black grary backpack, Black helmt",,70 Days,9/8/2023,yes,
1878,7/3/2023,Washington S east of Occidental Ave,T1-SP-0703,"Black orange standsport tent, Black Olympia suitcast with red trimming full of clothing, grey blankets, Pack of clear plastic notebook folders, bottle of Gold bond eczema relief, small black rubbermaid broom, pair of red nike shoes. (Items were stolen of city truck)",,70 Days,9/11/2023,yes,
1877,7/5/2023,Utah Ave S from S Atlantic St to S Stacy St,T1-JB-0705,"Black backpack, small orange sleep mat, Blue sleeping bag, misc folded clothes.",,70 Days,9/13/2023,yes,
1879,7/9/2023,Washington St btwn Occidental & 1st Ave,"[Name Withheld]
T1-TH-0709","Blue tent in Black plastic bag, Black plastic bag of clothes, green suitcase",,70 Days,9/17/2023,yes,
1880,7/12/2023,Occidental Square,T1-SP-0712,"4 grey blankets, Dark blue suitcase w/clothing and misc items, 3X Seahawk Sweater",,70 Days,9/20/2023,yes,
1881,7/12/2023,Mathews Beach,Fid,"Small blue childrens bike, gray cast boot type in plastic bag.",1,70 Days,9/20/2023,yes,
1882,7/12/2023,Alley behind 2044 NW Market St,T1-JB-0712,"Black AT&T phone, VISA ""Washington Quest",,70 Days,9/20/2023,yes,
1883,7/13/2023,6th Ave btwn Columbia St to Cherry St,T1-TH-0713,"Blue tent ""Pacific pass brand"", 20 dollar bill, Yellow Rope, Bottlw of K2D3 vitamins, White mirror, Black composition notebook",,70 Days,9/21/2023,yes,
1884,7/18/2023,10th Ave E & E Denny Way,T1-KJ-0718,"Orange grey sleeing bag, 48' inflatable pink print camo, pair of white vans tennis shoes sz 10.5, box of card game, new in box, pair of black spiked boots sz 6",,70 Days,9/26/2023,yes,
1885,7/19/2023,Occidental Square,T1-SP-0719,"Notepad, Phone w/broken screen, Bandages in ziplocs, Small sledge hammer, Grey blanket, Green grey sleeping bag.",,70 Days,9/27/2023,yes,
1886,7/20/2023,Alaskan Way S & S Massachuetts St,T1-TH-0720,"Grey red Colman tent, Green sleeping bag in white plastic bag, Brown tarp",,70 Days,9/28/2023,yes,
1887,7/20/2023,S Industrial Way & 7th Ave S,T1-TH-0720,"Pink men bike Black yellow Dewalt bag and cordless tool battery, Brown shoes, Narcan, Roll of tape, Green black bag of clothes, Jeans, $3 in cash, Orca Card, Black jacket. ",,70 Days,9/28/2023,yes,
1888,7/20/2023,Freeway Park,"[Name Withheld]
[Phone # Withheld]",Self-Stored 2 Black bags of bedding and blankets,,70 Days,9/28/2023,yes,
1889,7/24/2023,Occidental Square,T1-SP-0724,"Black samsonite suitcase with clothing and toilitries, Suitcase with pair white nikes, Green pillow and blanket, Grey blanket, Sheets Pink stuffed animal purse",,70 Days,10/2/2023,yes,
1890,7/27/2023,Harborview Hills at I-5,T3-JL-0727,"Blue Tent, Book",,70 Days,10/5/2023,yes,
1891,7/27/2023,Harborview Hills at I-5,T4-JL-0727,Picture in clear frame,,70 Days,10/5/2023,yes,
1892,8/1/2023,Ballard Commons Park,T1-SP-0801,Razor Scooter,,70 Days,10/10/2023,yes,
1893,8/2/2023,Utah Ave S btwn S Stacy St & S Holgate St,T1-TH-0802,"Blue gray tent orange trim, Black backpack full of clothes, Red backpack full of personal care items, Gray bag of clothes, Blue hooode, Black Bike helmet.",,70 Days,10/11/2023,yes,
1894,8/7/2023,3212 NE 125th St,[Name Withheld],"Self-Stored White TV, Silver bike, Blue bike, Gray bike, Yellow bag w/misc tools, Small black suitcase w/misc items, Long electric polesaw, microwave",3,70 Days,10/16/2023,yes,
1895,8/7/2023,3212 NE 125th St,[Name Withheld],"Self-Stored Skis, Black folding chair",,70 Days,10/16/2023,yes,
1896,8/7/2023,Shilshole Ave NW & 24th Ave NW,T2-KQR-0807,"Painting Eiffel Tower, Painting Golden Gate Bridge",,70 Days,10/16/2023,yes,
1897,8/10/2023,Georgetown Playfield,T1-TH-0810,Black mens bike,1,70 Days,10/19/2023,yes,
1898,8/10/2023,Georgetown Playfield,T2-TH-0810,"Green backpack with clothes, hat, combs",,70 Days,10/19/2023,yes,
1900,8/18/2023,8842 Nesbit Ave N,T1-KJ-0818 (FID),ServPro Hepa 500 Air scrubber negative air machine,,70 Days,10/27/2023,yes,
1901,8/18/2023,8842 Nesbit Ave N,T3-KJ-0818,"Misc hand tools, Samsung tablet, JBL headphones, Earbud, yello extension cord, Dewalt measuring tape",,70 Days,10/27/2023,yes,
1899,8/22/2023,24th Ave NW & Shilshole Ave NW,T3-KQR-0822 (FID),75 in LG Mano TV serial #010RMDZ2S618 (4135),,70 Days,10/31/2023,yes,
1902,8/24/2023,North Acres Park,[Name Withheld],"Self-Stored Black backpack w/clothes, Red black heater, Black heater, Tent in bag, Tarps, sleeping bags, Blue chair, Blue cot, Personal paperworkd, mail in white bag, books, pillow, weights, Green cart, hanger, Green duffel bag, Green black duffel bag and boots.",,70 Days,11/2/2023,,
1903,8/28/2023,10th Ave S & S Main St Vicinity,T2-SP-0828,"Blue Coleman cooler, Black umbrella, books, Tide pods, Red Nike Shoes, Brown/grey shoes, Black Fila sandals, $100 visa gift card, Red pan",,70 Days,11/6/2023,no,
1904,8/29/2023,Lincoln Park,T1-TH-0829,"Peach bag w/personal items, Man's tarnished ring, Gold braclet w/stones, Jade button, Blue backpack w/Apple iPad, phone charger, Plyers, Inhaler, Flashlight, Unit of Narcan, Propane torch, Blue bag w/personal items, Gray multi blanket, Blue blanket, Blue/white/red bed sheets.",,70 Days,11/7/2023,yes,
1905,8/30/2023,Rainier Ave S & I-90 Light Rail Station,[Name Withheld],"Self-Stored Black footlocker locked w/2 locks, small black suitcase w/canned goods, extension cord, phone case, Black guitar case w/o guitar, black hammock w/grey cover, Black backpack w/personal hygiene",,70 Days,11/8/2023,No,
1906,9/1/2023,Nesbit Ave N & from N 90th St to N 88th St,T2-JB-0901,"Grey brown tent, Large canopy, Grey folding chair, Brown bar style chair",,70 Days,11/10/2023,yes,
1908,9/6/2023,3rd Ave S & S Holgate St Vicinity,T1-JL-0906,"Blue boxes w/misc clothes & items, Blue bag w/clothes, Black bag w/bedding, Small boxes of Harry Potter"" cassette tapes, Misc clothing",,70 Days,11/15/2023,yes,
1910,9/12/2023,Fremont Canal Park,T1-KQR-0912,"Grey, orange, white Golden Baer tent, Pair of coma pants, pair mechanic gloves",,70 Days,11/21/2023,yes,
1911,9/12/2023,Fremont Canal Park,T2-KQR-0912,"Light blue Coleman tent, multi colored blanket, gold colored quilt, Grey quilt, 2 pillows, Light blue tank top, white suff animal, Mixit open toed sandals, Black bag w/clothing, Black and bag filled w/makeup, 1 gold colored triangle earing, London fog suitcase, Ricardo suitcase w.combo locks, Silver Raleigh bike.",1,70 Days,11/21/2023,no,
1909,9/13/2023,10700 Corliss Ave N,[Name Withheld],"Self-Stored Black Duchamp backpack, Grey tent w/poles, Brown duffel bag, Red tote, Blue tote, Grey canon Wheels, Folding chair, Green backpack, Red folding grill, Black backpack red cross on it, Black suit case, Green/white cooler, Green backpack, Black grocery style bag, Black/white floral storage bag.",,70 Days,11/22/2023,yes,
1912,9/14/2023,Queen Anne Greenbelt ,T1-KQR-0914,"Orange Orion backpack, empty Green Atlantic suitcase, empty Ourple American tourist suitcase, Black pacific coast signature suitcase filled with clothing, zipper is damaged, Black suitcase filled with clothing no brand name, Franklin electronic thesaurus & dictionary. ",,70 Days,11/23/2023,yes,
1913,9/22/2023,Alki Beach Park,[Name Withheld],"Self-Stored 2 truck dollys, 1 black event canopy",,70 Days,12/1/2023,yes,
1756,9/30/2023,9th Ave NE between NW 54th St & NW Market St,T1-TH-0930,"1 large & 1 small black metal foldable pet crage; 10 light fixtures; 1 tool belt; 1 porter-cable pancake air compressor; 1 patton brand black & red floor fan; 1 blue & green ""rock hopper"" brand mens bicycle; 1 visa gift card; 1 blue roller stand; 1 green Wholefoods tote bag; 1 silver & grey tent w/ poles; 1 blue tent rain cover",1,70 Days,12/13/2023,yes,
1914,10/4/2023,Western Ave from Columbia St to Yesler Way,T1-SP-1004,"Pair of Orange hawk boots, set of keys, toyota car keys, Nicotine vaping device, vape pods",,70 Days,12/13/2023,yes,
1915,10/18/2023,2nd Ave from Blanchard St to Lenora St,T1-SP-1018,"2 Ozark tent (grey & Black/Red), Black suitcase, Women's Clothing, Creative markers, Teal bag, White heels, 3 rugs (2 red 1 blue), Blue bag w/clothing and black nike shoes. ",,70 Days,12/27/2023,yes,
1920,10/20/2023,NW 46th St,T1-KQR-1020,"Blue Coleman cooler, sealed around is partially damaged.",,70 Days,12/29/2023,yes,
1916,10/25/2023,Pioneer Square Pergola,T2-SP-1025,"Blue sleeping, Red/grey Colman tent, Black/white bag, Blue fila bag w/clothing, Orange tape,  Red power drill, Yellow dewalt battery and charger, Pens. ",,70 Days,1/3/2024,yes,
1917,10/26/2023,NW Leary Way and from 14th Ave NW to 15 Ave NW,T2-JB-1026,"Black suitcase w/wheels clothing feminine hygiene items pillow in plastic, Red colman tent w/poles, Knit syle clothing brown tan white color.",,70 Days,1/4/2024,yes,
1918,10/27/2023,11th Ave from E Howell St to E Olive St,T1-KJ-1027,"Blue pop-up canopy, Blue white Colman tent, White igloo large cooler w/cleaning products & personal hygiene, Small vacuum, Blue grey medium size igloo cooler, Metal can-like device appears to be for lighting, Green large golfing bag w/clothes & shoes, Green wheel barrow, 4 pairs of shoes & slides in Blue storage bin w/no top (Bin broken disposed of), Blue small luggage suitcase.",,70 Days,1/5/2024,yes,
1919,10/27/2023,University Playground,T1-JB-1027,Yello & Tan Core Equipment tent w/rainfly and poles,,70 Days,1/5/2024,yes,
1921,11/1/2023,Shilshole Ave NW,T2-KQR-1101,"10 serological pipette glass tubes of various size. 1500 ml glass flask. 1000 mil glass thermometer. Box flask erlemmeyer narrow, heavy duty rim 7740 glass.  Green flashlight, Green silver flashlight. Red black handle magna cart. Beats by Drebluetooth headphone one black one blue in case. Green water bottles.  10430 hand refractometer.  Black eye glasses with blue tape on either end.  Empty red tin can. Swift M3500D microscope with tag identifying it to be property of Mercer Island School District, called the district about the microscope and will make arrangements to deliver property to them. ",,70 Days,1/10/2024,yes,
1922,11/1/2023,Shilshole Ave NW,T3-KQR-1101,"Red grey Ozark trail sleeping bag.  Brown pink interior L.E.I hooded jacket. Reddish Herschel backpack, pair XS brown winter gloves, Medication bottle Ibuprofen, bottle Aceteminpol, Pair of blue Kirkland pants, Batman wallet with various id cards.  Belifu muscle stimulator. Green white Ozark trail tent with poles and various keys.",,70 Days,1/10/2024,yes,
1925,11/7/2023,Tashkent Park,T1-KJ-1107,"Black multi-level push cart, Blue push cart, Costco Silver dolly, Black eletric Hiboy scooter, Black Puma duffel bag w/misc clothing, Red drawstring bag w/ misc makeup, Clear plastic bag w/Blue grey tent w/poles. ",,70 Days,1/16/2024,yes,
1926,11/7/2023,S King St & 8th Ave S,T2-KJ-1107,"Black large suitcase, pair of women size 6.5 shoes, black brown boots, Black Tommy Hilfinger coat, Brookston percussion maddage in box, Blue blanket, Black large Mann Titan water jug. ",,70 Days,1/16/2024,yes,
1927,11/7/2023,S King St & 8th Ave S,T3-KJ-1107,Blue grey Colman Tent,,70 Days,1/16/2024,yes,
1923,11/13/2023,4th & Yesler,T1-SP-1113,"Green Blanket, 2 grey blankets, Teal mirror (cracked on one side), Instant power portable battery charger, Black jacket, Female clothing, Blue umbrella, Black bucket",,70 Days,1/22/2024,yes,
1924,11/15/2023,3rd Ave & James St,T1-SP-1115,"Grey blue tent, Red & dark blue shoes, Orange pliad jacket, Blue tarp with small rip, Black & green army jacket w/small hole",,70 Days,1/24/2024,yes,
1928,11/20/2023,14th Ave W parking lot,T1-KQR-1120,"10 bottles of medication, Cartia xt, Diltiazem HCL, Amtriptyline, Ranitidine, Prazosin, Nortriptyline, Testorone, 3 bottles of 40 mg Opemrazole, Red 6500 Trek mountain bike w/broken seat.",1,70 Days,1/29/2024,yes,
1929,11/29/2023,Ravenna Bld and E Greenlake Way,T1-JB-1129,"Black tool box, small blue ridge wording with tools inside.",,70 Days,2/7/2024,yes,
1930,12/7/2023,NW Leary Way from 11th Ave NW to 14th Ave NW,[Name Withheld],"Green climbing style bag w/non perishable supplies and tools.  Black backpack w/tools and household items.  Yellow tote w/laptop, various electronics and tools.  Black bag with various footwear, Collins [ick style ax.",,70 Days,2/15/2024,yes,
1932,12/7/2023,Broadway Hill Park,T1-KJ-1207,"Black backpack w/personal items and misc makeup, Green notebook, Blue notebook w/personal writings, Notebook w/Merlin phone #s, and Jade",,70 Days,2/15/2024,yes,
1933,12/20/2023,Broadway Hill Park,T1-KJ-1220,"Metal basket cart, Green case w/clarinet, BMX Mongoose Bike",1,70 Days,2/28/2024,yes,
1934,12/21/2023,6th Ave & Cherry St,T1-KJ-1221,"Black Puma backpack w/personal hygiene, Green sleeping bag, Blue sleeping bag, Black nylon bag w/misc clothing, Black laptop bag w/misc hygiene Blue blanket, Multi color shopping bag w/glassware",,70 Days,2/29/2024,yes,
1935,12/21/2023,6th Ave & Cherry St,T2-KJ-1221,"Misc women clothing, Grey blanket",,70 Days,2/29/2024,yes,
1936,12/29/2023,7th Ave S & S Alaska St,T1-JL-1229,"Pink bag w/misc clothing, Red suitcase w/shoes. Red backpack w/misc clothing, Black plastic craftsman toolbox.",,70 Days,3/8/2024,yes,
1937,1/4/2024,Thomas St Mini Park,T1-KJ-0104,"3 Skateboards w/wheels, 2 Skateboards w/o wheels, Red metal can w/Pokeman cards, Black white men van shoes, Maxwest cellphone cracked screen, Silver lantern, Red latern, Coleman lantern w/case, camping shovel, Ibpufren bottle. ",,70 Days,3/14/2024,yes,
1938,1/5/2024,Magnolia Bridge,T1-SP-0105,"Black sleeping bag, Hammer, EBT card, $1 dollar bill, Pink hand truck, Silver hand truck",,70 Days,3/15/2024,yes,
1939,1/9/2024,Freeway Park,T2-KJ-0109,"Brown fleece blanket, Green fleece blanket, Brown duffel bag w/blk wht blaneket and hair straighener, Light blue Stanley cup, Blue pink make up bag w/various makeup inside, box of candles. Planning calendar w/Ashley Joy Abrahamson or Jacob Lopez",,70 Days,3/19/2024,yes,
1940,1/19/2024,7th Ave S & Airport Way S,FID,"Orange Childs bike, Blue bike",2,70 Days,3/29/2024,yes,
1945,1/24/2024,Leary Way,T1-KQR-0124,Black zoomer battery operated whieelchair w/o battery,,70 Days,4/3/2024,yes,
1941,1/26/2024,Hubbard Homestead Park,T1-JB-0126,"Grey pull cart with wheels, Black small knife, Bundle of utility rope, Personal journal paper",,70 Days,4/5/2024,yes,
1942,1/29/2024,Carkeek Park,T2-JB-0129,"Green cooking stove, Pleastic bin with sport cards",,70 Days,4/8/2024,yes,
1943,1/29/2024,Carkeek Park,[Name Withheld],Silver/black Schwin bike,1,70 Days,4/8/2024,yes,
1946,1/30/2024,Freeway Park,T2-KJ-0130,"Blue green Coleman Teant, Large Camo Tarp",,70 Days,4/9/2024,yes,
1944,2/1/2024,9th Ave from Virginia to Stewart,T1-SP-0201,"Tools (srew driver, wrench, pliers), Black tree metal bin w/toys, Multicolor grey beanies, Black tree metal bin w/color pencils, Blue American Tourist suitcase, Trash bags w/9 Squishmellows, Green bag w/make-up, Colored Pen.",,70 Days,4/11/2024,yes,
1947,2/2/2024,Tashkent Park,T1-KJ-0202,Black Samsung phone w/cracked screen,,70 Days,4/12/2024,yes,
1948,2/5/2024,Cherry St btwn 6th Ave & 7th Ave,T1-KJ-0205,"Camo blanket, Green orange sleeping bag, Grey sleeping pad, multicolored blanket, pack of beads.",,70 Days,4/15/2024,yes,
1949,2/6/2024,Fairview Ave N & Mercer St Vicinity,T1-SP-0206,"Wheelchair, Green floral Mat, Metal canister, 3 assorted metal tools",,70 Days,4/16/2024,yes,
1950,2/8/2024,Jackson Golf Course,T2-KQR-0208,"Skateboard, Blue Addidas bag w.books & paperwork.  Blue sleeping bag, Blue collaspible tent, Styrofoam box w/drum.  Green container w/blue tarp, Trader Joe bag w/misc items. Green tent in green bag w/poles.  Black plastic garbage bag filled with blanket and misc personal items. ",,70 Days,4/18/2024,yes,
1951,2/8/2024,Jackson Golf Course,T1-KQR-0208,Violin w/2 strings and an extra string in black case.  Blue containier various DVD/CD case.  Mr. Coffee maker w/cup.  Kitchen knives of different sizes.,,70 Days,4/18/2024,yes,
1952,2/13/2024,Shilshole Ave NW from 22nd Ave NW to 24th Ave NW,T2-SP-0213,Green and grey tent,,70 Days,4/23/2024,yes,
1953,2/14/2024,2nd Ave,T2-KQR-0214,"Green grey Tent, Blue tarp, Black blue bag w/2 power cords and 1 putty knife. Black green white backpack filled with misc items",,70 Days,4/24/2024,yes,
1954,2/14/2024,2nd Ave,T1-KQR-0214,"Bue tent, Red black bike",1,70 Days,4/24/2024,yes,
1955,2/14/2024,Interurban Trail,T1-JB-0214,"Black hand bag w/personal paper work.  Collection of pocket knives, Kodack camera, HP laptop, Small hatchet, Red hand tool, Airpod case, Orange emergency tool, Portable light, Black bag w/assorted hygiene products. ",,70 Days,4/24/2024,yes,
1956,2/15/2024,Ballard Library Vicinity,T1-SP-0215,Blue and grey tent,,70 Days,4/25/2024,yes,
1957,2/15/2024,17th Ave NW from NW 50th St to NW 49th St Vicinity,T2-SP-0215,"Green Coleman tent - small hole on the bottom. Black blue gloves, Yellow beanie, Dayquil, Nyquil, Antibotic, Black gloves",,70 Days,4/25/2024,yes,
1958,2/16/2024,Jackson Golf Course,[Name Withheld],"Green skateboard, 2 Hover board units, Toolbox on wheels empty, Dewalt black yellow organizer, Husky toolbox on wheels, with personal items, Red Milwauke toolbox, Solar panel, Step ladder",,70 Days,4/26/2024,yes,
1959,2/16/2024,Jackson Golf Course,[Name Withheld],"Collapsable tables, 10 ft ladder, Sledge hammer, Flathead shovel, 3 spade shovels, rake, 2 hoes, mini spade shovel, broom.",,70 Days,4/26/2024,yes,
1961,2/20/2024,2nd Ave,T1-KQR-0220,"Blue tent, grey blanket, loose change 85 cents",,70 Days,4/30/2024,yes,
1963,2/21/2024,NW Ballard Way and Leary Way NW Vicinity,T1-SP-0221,"Teal and grey Coleman tent, Black Lantern, Purple blanket, 2 kithcen bowls, Hygrogen peroxide bottle, 4 new printer ink cartridges, Purple UW shirt, Black white UW shirt, Grey boost bag, Black belt, Black DKNY jacket, Blue jeans, 2 Vape bottles pink and blue, New knife sharpner, Black blue shirt, White hat",,70 Days,5/1/2024,yes,
1964,2/23/2024,NW Market St from 8th Ave NW to 9th Ave NW,T1-SP-0223,"Blue tarp, Blue designed fleece blanket, Eye glasses, Air pump, 3 tools, Green dog toy",,70 Days,5/3/2024,yes,
1965,2/27/2024,Meridian Ave Ne & N 133rd St,T1-KQR-0227,"Black princess poly jacket, gray white avalanche jacket, black hooded jacket no brand, black jeans, black hooded cold storage jacket, red gray pillow, white black star symbol dog bed, red white backpack, mauve filled with clothing, green gray sleeping bag, black hooded jacket brand time, black suitcase roller filled with clothing, cans of dog food and dry dog food, black bessport bag filled with misc items to include costume jewelry.",,70 Days,5/7/2024,no,
1969,3/6/2024,Mercer St from 2nd Ave N to 1st Ave N,T2-KQR-0306,"2 blue plastic tarps, Jaquar suitcase brown, broken amazon tablet w/cracked screen, other misc items, Delsey Paristown suitcase dark blue gray w/black backpack with misc clothing, 5 packs of columbia mens socks, pair of black bombas sock E-360 gray jumprope, gray small camping tent, gray blanket, brown white blanket w/hole, pari of omni tech blue snow pants, boston trader jacket, t power ventilation fan, blue tarp new in package. ",,70 Days,5/15/2024,yes,
1970,3/6/2024,Mercer St from 2nd Ave N to 1st Ave N,T3-KQR-0306,"Gray costco bag w/misc items and bible, diary, shredded $20 bill in a wood box, headlamp, vont lantern, artsound radio, silver colored chain, 3 gold colored chains, kiss brand fingernail kit, sketches leporad print slip on shoes, AG rubber bag 16GB apple ipad w/cracked screen, black earphones, black trailmaker backpack audio cables, pokemon cards, baseball cards, assorted loose clothing",,70 Days,5/15/2024,yes,
1967,3/7/2024,2nd Ave from Blanchard St to Lenora St,T1-SP-0307,"Blue Aero bag w/toilet paper and tissue, Blue tend bag, Green yoga mat, Grey yoga mat, Yellow umbrella, Cable lock, Grey tent w/cable stakes, Sharp wizard, {Precision screw driver set, Green Coleman tent",,70 Days,5/16/2024,yes,
1968,3/7/2024,Magnolia Bridge,T1-KQR-0307,"Gray blanket, 2 pillows, female cartoon figure blanket, Black white blanket w/hole, green blanket w/brown stripe, package black surgical masks, black dog seat cover w/orange trim, silver movable storage rack. ",,70 Days,5/16/2024,yes,
1971,3/11/2024,Midvale,T1-KQR-0311,"Blue laundry containing blue colman tent no poles, Nike airmax, assorted clothing, hand tools, Red glacier edge sleeping bag, greyblanket, Indigo palms pants, black spyder pants, black northface jacket, blue pc pants, assorted power cables, blue golden bear tent w/poles, white plastic bag w/assorted clothing.",,70 Days,5/20/2024,yes,
1972,3/20/2024,NW 88th St & 9th Ave NW,T1-KJ-0320,"Camping stove w/o legs, Colman lateran w/case and lateran w/o case, 4 pcs of vehicle dolly set, Hasvana chainsaw, Colman tent bag, Ryobi circular saw w/o batter, pair of black brown sneakers. ",,70 Days,5/29/2024,yes,
1973,3/27/2024,Nagel Pl from E Howell St,T2-KJ-0327,"Green tent, 3 step ladder",,70 Days,6/5/2024,yes,
1974,3/27/2024,4th Ave S & S Royal Broughman Way Vicinity,[Name Withheld],"Black garbage bag w/greent tent, Black garbage bag w/empty black gym type bag, Blue tarp, misc items",,70 Days,6/5/2024,yes,
1975,4/1/2024,E Madison St & 16th Ave,T4-KQR-0401,"Blue Diamond Back Bike front tire missing bolt, front brakes broken",1,70 Days,6/10/2024,yes,
1976,4/3/2024,Jefferson Park,T1-JL-0403,"Shopping bag w/misc clothes, 1 pair of shoes",,70 Days,6/12/2024,yes,
1977,4/11/2024,Jackson Golf Course,T1-KQR-0411,"Green inflatable mattress, Camo pattern tarp, Green northface tent without poles, Tan green texsport brand tent with poles, Green blue tarp, Green folding metal chair, Bottle ibuprofen tablets.",,70 Days,6/20/2024,yes,
1978,4/11/2024,Northacres Park,T2-KQR-0411,"Brown northend brand jacket, Blue black IVECCS 2021 brand backpack, Black metal luggage caddy broken",,70 Days,6/20/2024,yes,
1979,4/17/2024,Dr Blanche Lavizzo Park,T2-KJ-0417,"Black long sleeve dress shirt, pair of brown black merrell hiking shoes, 2 pair of brown work boots, 3 pairs of socks",,70 Days,6/26/2024,yes,
1980,4/23/2024,SW Queenanne Greenbelt,T1-KQR-0423 (10 pages),1980.pdf,3,70 Days,7/2/2024,no,
1981,4/23/2024,SW Queenanne Greenbelt,T2-KQR-0423,"Green nike tennis shoes, Paperback copy ""Franny and Zooey"" book, Hardcopy ""To Kill a Mockingbird"" book, White folding metal chair w/black cushion, Green folding bed cot w/green nylon case, Blue tent in green blue carrying bag w/poles. ",,70 Days,7/2/2024,yes,
1983,5/8/2024,Ravenna Park,"[Name Withheld]
T2-SP-0508","Blue sleeping bag, green air mattress, black yellow tent w/poles, iron pot, metal pot, white cup, broken white broom w/dustpan, broken yellow rake, hammer",,70 Days,7/17/2024,yes,
1984,5/14/2024,Carkeek Park,T1-SP-0514,"Blue tarp, blue grey Coleman tent, Black red phone cords, 1 blue glove, Tan shirt, Grey shorts, Grey gloves, Blue folder w/papers, Red spiderman dead rest, Black waller w/4 keys and key fob, ",,70 Days,7/23/2024,yes,
1985,5/21/2024,Mathews Beach,T1-CFH-0521,"Blue REI CampDome tent, Southwire Xtreme box power outlet station, Wood metal shoeshine box stand, Hardback invisible wonder book, Voyage throu the universe book, Voyage through the universe stars bkko, Nothing but the blues book, The salvage studio book.  Dr. Dre biography boopk, Beyond Mederism book, A single war man book, DeWalt tool bag, BoxHilt brank screws, Stanly fat max tape measure, Home light worksite lamp, Allen wrenches, 2 Ultra fit condoms unopened, 3M ear plugs, Bottle febreeze fabric refresher, Bottle durex massage gel, Weller brand iron heater, Weller, brand hand tool, 2 Pendleton brand red green white pillow, White red green patern blanket.",,70 Days,7/30/2024,yes,
1986,5/22/2024,1400 West Nickerson St,"[Name Withheld]
DOB: [Withheld]
[Phone # Withheld]",Mongoose Model Mountain Bike,1,70 Days,7/31/2024,yes,
1987,5/29/2024,6th Ave N   ,[Name Withheld],"4 clear bags filled with clothing, blankets and other items.",,70 Days,8/7/2024,yes,
1988,5/31/2024,E John St to E Denny Wy from 13th Ave E to 12th Ave E,T1-CFH-0531,"Yun Teng Tripod stand, Dell keyboard w/cord, Dell computer monitor, Power cord adapters, Z gear battery charger, Antronix 2-way spliter component, Beoing flashlight, Google cell phone w/crack camera lins",,70 Days,8/9/2024,yes,
1989,6/3/2024,Broadway Hill Park,T1-KJ-0603,"Bike sprayed painted white, Blue grey Coleman Tent, Light, Bike Helmet",1,70 Days,8/12/2024,yes,
1990,6/3/2024,Carkeek Park,T1-SP-0603,"White Bike, New paint roller, 2 digital water, 40 hand tools, Small shovel, Tent stake, Casco folding chair",1,70 Days,8/12/2024,yes,
1991,6/3/2024,6th Ave N & Harrison St,T2-CFH-0603,"Dynacraft green riptide dirt bike missing seat, Quokka brand Planet puzzle, BTS ranch handcrafted native american art object, 2 mermaid paintings, unbrand hatchet, Rae systems secure case with interior padding, magnetic bead string, knife sharpener",1,70 Days,8/12/2024,yes,
1992,6/3/2024,6th Ave N & Harrison St,T1-CFH-0603,1992.pdf,,70 Days,8/12/2024,yes,
1993,6/4/2024,Leary Way NW from NW LearyWay to 9th Ave NW,T1-SP-0604,"Red black bag with jumper cables and hammer, Books, Screwdriver, Black yellow bag, Pair of blue Addidas socks, New sealed birthday cards, Teal toy container, Black lamp, Brown beanie dpg, Black addida backpack, HP laptop, Brown eye glass case, Red black jacket, Brown leather wallet with 3 gift cards",,70 Days,8/13/2024,yes,
1994,6/10/2024,7th Ave NE & NE 45th St,T1-SP-0610,Blue grey tent with animal ,,70 Days,8/19/2024,yes,
1995,6/13/2024,Bellevue Place Park,T1-KJ-0613,"Blue sleeping mat, Brown grey tarp, Blue black headphones, HP chromebook laptop black, Black smith helmet, Multi-colored costume, Black Calvin Klien duffel bag w/misc clothing and slippers, Black Nike duffel bag w/various personal hygiene, Red slipping bag, multi-colored blanket. ",,70 Days,8/22/2024,no,
1996,6/21/2024,Carkeek Park,T1-CFH-0621,"Black critical cycle cruser bike, missing seat.",1,70 Days,8/30/2024,yes,
1997,6/24/2024,NE Campus Pkwy from 11th Ave NE to Roosevelt Wy NE,FID,Blue Miyata two ten bike,1,70 Days,9/2/2024,yes,
1998,6/24/2024,NE Campus Pkwy from 11th Ave NE to Roosevelt Wy NE,T2-RM-0624,Black 25 amp Power on board battery charger,,70 Days,9/2/2024,yes,
1999,6/24/2024,University Playground,FID,"Black Revlon Hair Dryer, Kenlock Camera Tripod, Bath slippers in packaging, American Made beverage jar missing lid, Brown leather purse, Threshold brand blue fabric blanket, Ceramic jar",,70 Days,9/2/2024,yes,
2000,6/25/2024,Licton Springs Park,T1-CFH-0625,Brown Raliegh Brand Sprite Model Bike,1,70 Days,9/3/2024,yes,
2001,6/26/2024,Meadowbrook Playfield,[Name Withheld],2001.pdf,,70 Days,9/4/2024,yes,
2002,7/2/2024,Leary Way NW and NW Ballard Way Vicinity,T1-SP-0702,"Empty blue power Cornwell tool box, Black Scissors ",,70 Days,9/10/2024,yes,
2003,7/3/2024,Greenwood Park,[Name Withheld],2003.pdf,,70 Days,9/11/2024,yes,
2004,7/5/2024,Judkins Park,T2-RM-0705,Gray Eurmax Canopy,,70 Days,9/13/2024,yes,
2005,7/5/2024,Judkins Park,T1-RM-0705,"Green Caravan Canopy, Blue white Golden Bear tent, Blue small duffel bag with assorted shoes & pink soccer ball, FC bag with hygiene items & clothing loose in tent, 2 Black yellow bins with assorted clothing, Black plastic bag with assorted hand tools & hygiene items, Blue bin with assorted clothing.",,70 Days,9/13/2024,yes,
2006,7/5/2024,Fremont Canal Park,T1-CFH-0705,2006.pdf,,70 Days,9/13/2024,yes,
2007,7/9/2024,Cedar Park,T1-CFH-0709,"Blue embark brand folding chair, Royal Brand black sleeping bag with stain, Ozark trail zipper cot with stain, Brown tarp medium size with silver underside, Fabric deeny hall sign torn on side, Large brown tarp with silver underside torn. ",,70 Days,9/17/2024,yes,
2008,7/17/2024,Interlake Park,T3-CFH-0717,"Gold chain w/green ornamental bead, 2 WA lottery scratch tickets scratched off and played, Metal clamp, Small box ceramic tiles, Blue tarp, Small garden shovel, Orange shade & shore bag with stains, Tan pair Abercrombie & Fitch jeans, White Avenue 5 residentail baseball hat.",,70 Days,9/25/2024,yes,
2009,7/17/2024,Interlake Park,T1-CFH-0717,"Wood chair, Green osprey backpack w/stains and tears, Pink beaded bag w/stains and holes, Lands end duffel bag w/stains, Red target bag w/personal toiletries, Black eva air bag w/misc hand tools, White plastic bag w/casual clothing, Black aldo shoes. ",,70 Days,9/25/2024,yes,
2010,7/17/2024,6th Ave & Yesler Way Vicinity,[Name Withheld],Black garbage bags w/misc clothes and other items,,70 Days,9/25/2024,yes,
2011,7/17/2024,6th Ave & Yesler Way Vicinity HOLD,[Name Withheld],"Green, red, and silver bikes. Silver suitcase w/misc clothers, Blue gym bag, Black gym bag, Gray gym bag - ALL CLOTHES. Lime green suitcase w/clothes, Dark green suitcase w/clothes, 15 black garbage bags w/clothes",3,70 Days,9/25/2024,HOLD,
2012,7/17/2024,6th Ave & Yesler Way Vicinity,[Name Withheld],"Red bike, Black bag w/tent",1,70 Days,9/25/2024,no,
2013,7/19/2024,Pike St & 1st Ave,T1-KQR-0719,"3 Alpan solar lights, Armor utility vaccum, Armor trool set missing most of the tools, Emplty samsonite breifcase, Empty black AKC bag, Arixona Blue bag, Red blue Corebuilt bag w/misc tools, Black Nike shoes, 2 bottles of xylocaine, Misters wooden watch, TWS earbuds in black charging case, White pillow filled with misc items, Pair of Clark Bandebles shoes, Black Fjailraven bag filled w/misc items, Blue black Huffy bike, Blue yellow Diamon Bike, Black Milwaukee hand truck, 1/4 Hex impact driver white battery.",,70 Days,9/27/2024,yes,
2014,7/22/2024,Pike St & 1st Ave,FID,2014.pdf,,70 Days,9/30/2024,yes,
2015,7/22/2024,Cascade Playground,T1-CFH-0722,2015.pdf,,70 Days,9/30/2024,yes,
2016,8/1/2024,Mary Ave NW from NW 85th St to NW 83rd St,T1-CFH-0801,2016.pdf,,70 Days,10/10/2024,yes,
2018,8/1/2024,Judge Charles Stokes Overlook Park,T1-KJ-0801,"Grey, orange and tan REI tent",,70 Days,10/10/2024,yes,
2017,8/6/2024,Fremont Canal Park,T1-SP-0806,"Green backpack, Body wash, Pack of tampons, Binoculars, Pink Kate Spade Bag, Blue national funding credit card, Brown blanket, 2 green tents, Pink sunglasses, Misc clothing, Grey brown tent, Grey green tent, Fire blanket, Gorilla care, Line throer, cookwear, Yello bag w/1 green, 1 blue tarp, 1 green grey tent tied together. ",,70 Days,10/15/2024,yes,
2019,8/6/2024,Leary Way NW 9th Ave NW & NW Leary Way,T2-SP-0806,"Tent stakes, Black bag w/support rope, Flower blanket, Black Jacket, Naloxone, Zip loc bag w/bandaids, New USB cable, USB drive, Key ring s/10 keys, Key ring w/4 keys, Damaged black guess bag, Black grey klopus stroller, Pip wrench, Red green WPS tent.",,70 Days,10/15/2024,yes,
2020,8/9/2024,Cal Anderson Park,T1-KJ-0809,Grey Orange Ozark Trail tent,,70 Days,10/18/2024,yes,
2021,8/9/2024,Ravenna Park,T3-RM-0809,"Blue Macro backpack emty, Black morrison hershfield backpack w/Black gerry coat and yellow polo coat, Orange embark 4-person tent with poles. ",,70 Days,10/18/2024,yes,
2022,8/12/2024,1307  N 38th St - Alley,T1-RM-0812,Green metal ,,70 Days,10/21/2024,yes,
2023,8/12/2024,4th Ave & Yesler,[Name Withheld],"Red bag w/green tent, Gray bag w/misc electrical wire, Gold color scooter and Black scooter, Black Bike, 2 Red small heaters",1,70 Days,10/21/2024,yes,
2024,8/15/2024,Cal Anderson Park,T2-KJ-0815,"Blue green grey tent ""Brand name unknown"", Black sleeping bag.",,70 Days,10/24/2024,yes,
2025,8/27/2024,NW Market St & 14th Ave NW,T4-KJ-0827,"Black Huskey rolling cart, Small Blue chair",,70 Days,11/5/2024,yes,
2026,8/28/2024,Ravenna Park,T1-RM-0828,Green Vevor tent - empty,,70 Days,11/6/2024,yes,
2027,8/28/2024,Ravenna Park,T2-RM-0828,"Brown Wallet - empty, Black multi tool, Black wireless speaker no brand name, Black with 1 sweatshirt, blue skirt, gray pants",,70 Days,11/6/2024,yes,
2028,9/5/2024,Wallingford Park,T1-RM-0905,"Blue white golden bear tent, Black Ozark trail backpack w/2 pairs of black leggings and 2 gray shirts, assorted paperwork 1 stuffed yellow bear, gold colored hairbrush, black rugged exexposure bag w/pair of unionberg camoflauge shorts, 2 pet collers red and black, pink pet dish.",,70 Days,11/14/2024,no,
2029,9/5/2024,Thomas St Mini Park,T1-KJ-0905,"Red green mountain bike ""Nishiki brand"", Skateboard Purple, Grey duffle bag w/misc clothing, notebook and reading books",1,70 Days,11/14/2024,yes,
2030,9/5/2024,Freeway Park,[Name Withheld],"Red white Quest tent, Blue sleeping bag, White laundry bag, filled w/misc items to include walking boots, Bal D'afrique cologne. ",,70 Days,11/14/2024,yes,
2031,9/11/2024,N 46th St & Wallingford Ave N,[Name Withheld],"Tan black nike backpack w/tan Kizik shoes, Black Owala water bottle, 3 notebooks black, pink, brown. Black blue Kobalt bag w/yellow Stanley level, red black pliers, yellow pliers, 6 orange spacing tools, black Jansport bag empty.  Green black tarp in a black plastic bag, Tan white Swiss gear tent in box, Clear Sterilite tote w/green lid w/pink water bottle, black water bottle, misc empty plastic bags. Blue canvas cart w/black metal frame.  Black mst backpack containing black red MSI laptop screen does not work, Amazon wireless device.  Black hardshell suitcase containing assorted hygiene items and assorted clothing shirts and sweat pants. ",,70 Days,11/20/2024,yes,
2032,9/11/2024,5th Ave & Olive Way,[Name Withheld],Black yellow Rad Powered Bike,1,70 Days,11/20/2024,yes,
2033,9/16/2024,Greenlake Park,T2-CFH-0916,2033.pdf,,70 Days,11/25/2024,yes,
2034,9/18/2024,4th Ave & Bell St,T1-KJ-0918,2034.pdf,,70 Days,11/27/2024,yes,
2035,9/18/2024,University Playfield,T1-RM-0918,"Blue tarp, Brown Estarer bag w/misc hygiene items, 24 inch gray Pittsburg bolt cutters, Trader Joe bag w/paperwork, Pink notebook",,70 Days,11/27/2024,yes,
2036,9/19/2024,Colorado Ave S & Royal Brougham Way Vicinity,[Name Withheld],"Black suitcase w/misc clothes, Brown Bike, Purple event canopy, 3 folding chairs",1,70 Days,11/28/2024,HOLD,
2037,9/19/2024,Woodland Park,T1-CFH-0919,"$0.50 in US currency coins, American Outback Tent Green Grey w/holes, Black blue sleeping bag w/stains, Black new balance jacket w/burn holes, Book of Mormon Textbook, USB charging cord, WFS Black grey sleeping bag w/stains, Partial filled plastic bottle febreeze spray.",,70 Days,11/28/2024,yes,
2038,9/23/2024,"Judge Charles Stokes ""Overlook""",[Name Withheld],"Hair cli[[ers w/guard, Ryobi drill bag w/charger, Pink camping chair, Hand shopping barrel w/misc tools, Black backpack w/misc tools, Clear bag w/misc man clothing, Treke bike, 2- tarps, Blue tent w/poles, Ladder, 2 small dolly, Large dolly",,70 Days,12/2/2024,HOLD Arrested,
2039,9/24/2024,Burke Gilman Trail from 1st Ave NE to Eastern Ave N,T1-RM-0924,"Red Samsonite suitcase w/Blue ppouch Nemesis safety glasses, White plastic bag 4 coffee cups, Black shirt and White extension cord inside. Black Samsonite suitcase w/ Black white Xersion coat, Black hoody, Tan Bershka shorts, Brown Cisco hoody, 2 Black Adidas sweat pants, Black white TDE shirt.",,70 Days,12/3/2024,yes,
2040,9/24/2024,Freeway Park,T1-KQR-0924,"Plaid picnic pad, Blue white blanket, Grey blanket w/hole in corner, Green blue pad.",,70 Days,12/3/2024,yes,
2041,9/30/2024,Fremont Canal Park,T1-CFH-0930,2041.pdf,,70 Days,12/9/2024,yes,
2042,10/2/2024,Kinnear Park ,T2-KQR-1002,"Burgundy black Victrinox backpack, Grey pair DC shoes, Red grey bonfire vest",,70 Days,12/11/2024,yes,
2043,10/2/2024,W Nickerson St,T1-KQR-1002,"Green grey UNP tent w/small holes in netting, Black pair of pants, Blue pair of pants, Grey sweat shirt and other articles of clothing",,70 Days,12/11/2024,yes,
2044,10/10/2024,Foster Island,T1-RM-1010,Black and red PSX2 compressor,,70 Days,12/19/2024,yes,
2045,10/15/2024,Miller Park Playfield,T1-KJ-1015,"Blue sleeping mat, White blanket.",,70 Days,12/24/2024,yes,
2047,11/12/2024,22nd Ave NW from NW 58th St to NW 57th St,T2-RM-1112,"Black plastic storage box w/ black bag w/black hismith metal stand, empty wood box, black Ricardo bag w/assorted tools, camo bag no brand name w/plastic clock inside, blue silver tarp,  2 black yoga mats, green grey tarp, black red hand cart, Burton snowboard no binding, Blue Skyway suitcase w/ empty wooden box blue Ozark bag empty, blue Guess coat",,70 Days,1/21/2025,yes,
2048,11/20/2024,Vine St,T1-KQR-1119,"Small Ray Ban black shoulder bag, Multi colored pouch with one pack 4 unopen Brinks solid brass lock and other items",,70 Days,1/29/2025,yes,
2049,11/21/2024,Myers Way S and JTF vicinity,[Name Withheld],"Blue white bike, Pink white bike, Fishing boa, Box of tools",2,70 Days,1/30/2025,No,
2050,11/26/2024,Magnolia Bridge,T1-KQR-1126,"Green Safacus tent, Grey Soulout sleeping bag, Red REI sleeping bag, Grey New Balance sweat jacket, Bem bluetooth speaker, various sheets and blankets, leopard pattern vest",,70 Days,2/4/2025,,
2051,12/3/2024,Ravenna Park,T1-KJ-1203 [Name Withheld],"Blue green Coleman Tent, 2 sleeping bags, 3 Winter Coats, pair of Brown boots, 4 shirts",,70 Days,2/11/2025,HOLD RC Bradly Smith is working with REACH,
2052,12/4/2024,Ballard Commons Park,T1-RM-1204,"Brown wicker basket w/ Black hoody, Green Spyder coat, Nautical Blue jeans, Nike Air Blue size 11, Nike shoes Brown size 10. Blue tent w/poles, Brown bag w/hygiene items and feminine products, Green black Champion backpack w/red flip flops, hygiene items, Coleman lantern in Black plastic case, Orange Kirkland jacket size M, Brown Calvin Klein jacket, Brown laundry coat, Black blue Seaskin shirt, Black sleeping bag, Gray pink Northside shoes, Blue black backpack w/2 empty tote bags, pack of 4-tote bags empty, a dozen markers.",,70 Days,2/12/2025,,
2053,12/9/2024,Roosevelt,T1-KJ-1209,"Battery charger w/broken wire, Sony playstation (console only), various cords and cables, Purple gold crochet scarf, DVDs and misc comic books, Tennis shoes, Slippers, Blue grey tent.",,70 Days,2/17/2025,,
2054,12/13/2024,Tashkent Park,T1-KJ-1213,"Sleeping pad, set of camping dishes, REI Tent",,70 Days,2/21/2025,,
1673,,SKIPPED NUMBER,,,,70 Days,,,
1677,,SKIPPED NUMBER,,,,70 Days,,,
1678,,SKIPPED NUMBER,,,,70 Days,,,
1679,,SKIPPED NUMBER,,,,70 Days,,,
1680,,SKIPPED NUMBER,,,,70 Days,,,
1738,,SKIPPED NUMBER,,,,70 Days,3/10/1900,,
1907,,SKIPPED NUMBER,,,,70 Days,3/10/1900,N/A,
1931,,SKIPPED NUMBER,,,,70 Days,3/10/1900,N/A,
1960,,SKIPPED NUMBER,,,,70 Days,3/10/1900,N/A,
1962,,SKIPPED NUMBER,,,,70 Days,3/10/1900,N/A,
1966,,SKIPPED NUMBER,,,,70 Days,3/10/1900,N/A,
1982,,SKIPPED NUMBER,,,,70 Days,3/10/1900,N/A,
2046,,,,,,70 Days,3/10/1900,yes,
